name_en	name_zh
Defender Great Sword I	防衛隊炎刃型大劍Ⅰ
Defender Great Sword II	防衛隊炎刃型大劍Ⅱ
Defender Great Sword III	防衛隊炎刃型大劍Ⅲ
Defender Great Sword IV	防衛隊炎刃型大劍Ⅳ
Defender Great Sword V	防衛隊炎刃型大劍Ⅴ
Buster Sword I	巨劍Ⅰ
Buster Sword II	巨劍Ⅱ
Buster Sword III	巨劍Ⅲ
Buster Blade I	巨刃劍Ⅰ
Buster Blade II	巨刃劍Ⅱ
Buster Blade III	巨刃劍Ⅲ
Chrome Razor I	鉻鋼剃刀Ⅰ
Chrome Razor II	鉻鋼剃刀Ⅱ
Chrome Deathscythe I	鉻鋼死神鐮刀Ⅰ
Chrome Deathscythe II	鉻鋼死神鐮刀Ⅱ
Chrome Deathscythe III	鉻鋼死神鐮刀Ⅲ
Nergal Judicator	滅盡龍的裁決
Purgation's Atrocity	滅鬼兇器
Ruinous Atrocity	滅鬼兇器【斷】
Thunder Blade I	雷刃劍Ⅰ
Thunder Blade II	雷刃劍Ⅱ
Lightning Punisher I	雷光懲罰者Ⅰ
Lightning Punisher II	雷光懲罰者Ⅱ
Lightning Punisher III	雷光懲罰者Ⅲ
Lightning Punisher IV	雷光懲罰者Ⅳ
Severing Bolt I	迅雷斷裂斧Ⅰ
Severing Bolt II	迅雷斷裂斧Ⅱ
Freeze Blade I	冰刃劍Ⅰ
Freeze Blade II	冰刃劍Ⅱ
Frost Blaze I	霜炎Ⅰ
Frost Blaze II	霜炎Ⅱ
Frost Blaze III	霜炎Ⅲ
Icicle Fang	冰尖巨牙
Icicle Fang+	冰尖巨牙‧改
Paladire	斷海冰牙
Glacial Demon	狂擊巨兇
Jagras Blade I	凶豺龍之刃Ⅰ
Jagras Blade II	凶豺龍之刃Ⅱ
Jagras Blade III	凶豺龍之刃Ⅲ
Jagras Hacker I	凶豺龍鉤爪Ⅰ
Jagras Hacker II	凶豺龍鉤爪Ⅱ
Jagras Hacker III	凶豺龍鉤爪Ⅲ
Jagras Deathclaw I	凶豺龍兵器Ⅰ
Jagras Deathclaw II	凶豺龍兵器Ⅱ
Mammoth Greataxe I	巨牛大斧Ⅰ
Mammoth Greataxe II	巨牛大斧Ⅱ
Girros Blade I	凶顎龍大劍Ⅰ
Girros Blade II	凶顎龍大劍Ⅱ
Malady's Kiss I	馬拉多之鐵Ⅰ
Malady's Kiss II	馬拉多之鐵Ⅱ
Malady's Kiss III	馬拉多之鐵Ⅲ
Naaga Guillotine I	蛇神斷頭台Ⅰ
Naaga Guillotine II	蛇神斷頭台Ⅱ
Hidden Blade I	隱密之炎Ⅰ
Hidden Blade II	隱密之炎Ⅱ
Lava Blaze I	熔岩之炎Ⅰ
Lava Blaze II	熔岩之炎Ⅱ
Pyre Cleaver I	火碎劍Ⅰ
Pyre Cleaver II	火碎劍Ⅱ
Glavenus Blaze I	斬龍之炎Ⅰ
Glavenus Blaze II	斬龍之炎Ⅱ
Blooming Blade I	花朵之刀Ⅰ
Blooming Blade II	花朵之刀Ⅱ
Blooming Blade III	花朵之刀Ⅲ
Datura Blaze I	曼陀羅之炎Ⅰ
Datura Blaze II	曼陀羅之炎Ⅱ
Datura Blaze III	曼陀羅之炎Ⅲ
Datura Hellspine I	曼陀羅茁壯Ⅰ
Datura Hellspine II	曼陀羅茁壯Ⅱ
Nyx Razor I	夜神剃刀Ⅰ
Nyx Razor II	夜神剃刀Ⅱ
Flame Blade I	火炎之刃Ⅰ
Flame Blade II	火炎之刃Ⅱ
Red Wing	赤紅之翼
Blue Wing	藍翼大劍
Rathalos Glinsword	火龍煌劍
Rathalos Glinsword+	火龍煌劍‧改
Rathflame Glinsword	火龍煌炎劍
Rathalos Gleamsword	輝劍火龍
Bone Blade I	骨劍Ⅰ
Bone Blade II	骨劍Ⅱ
Bone Blade III	骨劍Ⅲ
Bone Slasher I	斬骨劍Ⅰ
Bone Slasher II	斬骨劍Ⅱ
Bone Slasher III	斬骨劍Ⅲ
Giant Jawblade I	大龍顎Ⅰ
Giant Jawblade II	大龍顎Ⅱ
Ogre's Jaw I	大鬼龍顎Ⅰ
Ogre's Jaw II	大鬼龍顎Ⅱ
Ogre's Jaw III	大鬼龍顎Ⅲ
Icewing	嚴冰之翼
Winged Seraphyd	冰翼靈羽
Tiger Jawblade	轟龍大顎
Tiger Jawblade+	轟龍大顎‧改
Tigrex Great Sword	轟大劍【王虎】
Accursed Blade	劫難之刃
Wildbite	吼大劍【荒咬】
Hazak Kys	屍套龍大劍
Leviathan's Fury	魔物的憤怒
Monstrous Madness	魔物的狂氣
Don Monstro	怨憎魔物
Flammenzahn	蠻顎龍大劍
Flammenzahn+	蠻顎龍大劍改
Gnashing Flammenzahn	蠻顎大劍
Gnashing Flammenzahn+	蠻顎大劍‧改
Lohenzahn	兵器蠻炎大劍
Donnerzahn	兵器雷顎大劍
Donnerzahn+	兵器雷顎大劍‧改
Fulguration's Edge	兵器蠻雷大劍
Aqua Slasher I	水斬劍Ⅰ
Aqua Slasher II	水斬劍Ⅱ
Aqua Slasher III	水斬劍Ⅲ
Water Golem I	激流巨像Ⅰ
Water Golem II	激流巨像Ⅱ
Water Golem III	激流巨像Ⅲ
Water Golem IV	激流巨像Ⅳ
Laguna Golem I	潟湖巨像Ⅰ
Laguna Golem II	潟湖巨像Ⅱ
Beo Slasher I	冰魚龍斬劍Ⅰ
Beo Slasher II	冰魚龍斬劍Ⅱ
Carapace Buster I	土砂龍巨劍Ⅰ
Carapace Buster II	土砂龍巨劍Ⅱ
Carapace Buster III	土砂龍巨劍Ⅲ
Barroth Shredder I	土砂龍粉碎者Ⅰ
Barroth Shredder II	土砂龍粉碎者Ⅱ
Barroth Shredder III	土砂龍粉碎者Ⅲ
Barroth Greatedge I	土砂龍巨漢Ⅰ
Barroth Greatedge II	土砂龍巨漢Ⅱ
Acid Shredder I	罪罰粉碎者Ⅰ
Acid Shredder II	罪罰粉碎者Ⅱ
Spiked Blade I	尖刺劍Ⅰ
Spiked Blade II	尖刺劍Ⅱ
Radobaan Slab I	塊劍拉多巴爾喀Ⅰ
Radobaan Slab II	塊劍拉多巴爾喀Ⅱ
Radobaan Slab III	塊劍拉多巴爾喀Ⅲ
Radobaan Grindblade I	激骨鎚削岩劍Ⅰ
Radobaan Grindblade II	激骨鎚削岩劍Ⅱ
Dios Blade	碎龍巨劍
Brach Attack	爆大劍惡霸之刃
Dragonbone Cleaver I	龍骨大劍Ⅰ
Dragonbone Cleaver II	龍骨大劍Ⅱ
Dragonbone Cleaver III	龍骨大劍Ⅲ
Dragonseal Sword I	封龍大劍Ⅰ
Dragonseal Sword II	封龍大劍Ⅱ
Immovable Dharma	無相法身－不動－
Thundersword	召雷劍
Kirin Thundersword	召雷劍【麒麟】
King Thundersword	召雷劍【麒麟王】
Emperor Thundersword	召雷劍【麒麟帝】
Magda Potestas I	熔山龍大劍Ⅰ
Magda Potestas II	熔山龍大劍Ⅱ
Magdaros Volcanblade	岩漿衛士熔山劍
Blacksteel Chopper I	黑鋼大劍Ⅰ
Blacksteel Chopper II	黑鋼大劍Ⅱ
Icesteel Edge	鋼冰大劍
Daora's Decimator	鋼龍凍大劍
Daora's Tughril Beg	鋼龍寒冰大劍
Xeno Maliq	冥燈龍大劍
Wyvern Jawblade	龍顎劍
Great Wyvern Jawblade	龍顎劍【大牙】
Ultra Wyvern Jawblade	龍顎劍【絕牙】
Berserker Sword	狂戰士之劍
Anguish	痛苦之劍
Consummate Blade	業劍暗黑暴食
"Wyvern Ignition ""Steel"""	龍熱機關式【鋼翼】
"Wyvern Ignition ""Impact"""	龍熱機關式【鋼翼】改
Empress Galea	皇后盔
"Empress Galea ""Blaze"""	皇后盔‧炎妃
"Soulfire Edge ""Blaze"""	魂焰剛劍‧炎妃
"Empress Galea ""Ruin"""	皇后盔‧滅盡
"Soulfire Edge ""Ruin"""	魂焰剛劍‧滅盡
"Empress Galea ""Styx"""	皇后盔‧冥燈
"Soulfire Edge ""Styx"""	魂焰剛劍‧冥燈
Frozen Speartuna	冷凍旗魚
Freezer Speartuna	冷凍劍魚
Xiphias Gladius	瞬間冷凍劍魚
Demon Rod	鬼金棒
Great Demon Rod	大鬼金棒
Demonlord Goldrod	鬼神金棒【猿魔王】
Infernal Executioner	獄界斷罪斧
Infernal Executioner+	獄界斷罪斧改
Lightbreak Blade	碎光之擊劍
Alatreon Great Sword	煌黑之大劍
Alatreon Revolution	煌黑大劍龍擊
Guild Palace Blade	公會宮殿大劍
Royal Venus Blade	宮廷王劍【金星】
Defender Katana I	防衛隊連刃式太刀Ⅰ
Defender Katana II	防衛隊連刃式太刀Ⅱ
Defender Katana III	防衛隊連刃式太刀Ⅲ
Defender Katana IV	防衛隊連刃式太刀Ⅳ
Defender Katana V	防衛隊連刃式太刀Ⅴ
Iron Katana I	鐵刀Ⅰ
Iron Katana II	鐵刀Ⅱ
Iron Katana III	鐵刀Ⅲ
Iron Grace I	鐵刀【禊】Ⅰ
Iron Grace II	鐵刀【禊】Ⅱ
Iron Grace III	鐵刀【禊】Ⅲ
Iron Gospel I	鐵刀【神樂】Ⅰ
Iron Gospel II	鐵刀【神樂】Ⅱ
Iron Eschaton I	鐵刀【神威】Ⅰ
Iron Eschaton II	鐵刀【神威】Ⅱ
Iron Eschaton III	鐵刀【神威】Ⅲ
Daito Crow	大刀【烏】
Daito Wolf	大刀【狼】
Usurper's Boltslicer	王刀雷切
Usurper Boltslicer+	王刀雷切‧改
Despot's Boltbreaker	王牙刀【伏雷】
Nergal Reaver	滅盡龍太刀
Extermination's Edge	滅盡一刀
Ruinous Extermination	滅盡一刀【絕】
Flickering Glow I	眩刀【搖】Ⅰ
Flickering Glow II	眩刀【搖】Ⅱ
Dazzling Flash I	眩惑刀【閃】Ⅰ
Dazzling Flash II	眩惑刀【閃】Ⅱ
Dazzling Flash III	眩惑刀【閃】Ⅲ
Blinding Blaze I	眩惑亂刀【閃光】Ⅰ
Blinding Blaze II	眩惑亂刀【閃光】Ⅱ
Ambertooth I	冰牙刀【琥珀】Ⅰ
Ambertooth II	冰牙刀【琥珀】Ⅱ
Adularia Edge	亞鐸霜鋒
First Dance I	星空太刀Ⅰ
First Dance II	星空太刀Ⅱ
First Dance III	星空太刀Ⅲ
Last Dance I	星空迅刀Ⅰ
Last Dance II	星空迅刀Ⅱ
Last Dance III	星空迅刀Ⅲ
Rafiq al-Nasr I	巢穴搭擋Ⅰ
Rafiq al-Nasr II	巢穴搭擋Ⅱ
Hidden Saber	隱密配劍
Hidden Saber+	隱密配劍‧改
Deepest Night	夜刀【月影】
Brazenridge I	爆鎚太刀Ⅰ
Brazenridge II	爆鎚太刀Ⅱ
Brazenreach I	重刃爆鎚Ⅰ
Brazenreach II	重刃爆鎚Ⅱ
Glavenus Spada I	斬龍寶刀Ⅰ
Glavenus Spada II	斬龍寶刀Ⅱ
"Wyvern Blade ""Leaf"""	飛龍刀【綠葉】
"Wyvern Blade ""Verde"""	飛龍刀【翠】
"Wyvern Blade ""Holly"""	飛龍刀【葵】
"Wyvern Blade ""Blossom"""	飛龍刀【櫻花】
"Wyvern Blade ""Blossom""+"	飛龍刀【櫻花】‧改
"Wyvern Blade ""Luna"""	飛龍刀【月】
"Wyvern Blade ""Fall"""	飛龍刀【紅葉】
"Wyvern Blade ""Blood"""	飛龍刀【朱】
"Wyvern Blade ""Azure"""	飛龍刀【蒼】
"Wyvern Blade ""Indigo"""	飛龍刀【藍染】
"Wyvern Blade ""Indigo""+"	飛龍刀【藍染】‧改
"Wyvern Blade ""Empyrean"""	飛龍刀【蒼天】
"Wyvern Blade ""Pale"""	飛龍刀【銀】
Bone Shotel I	骨製彎刀Ⅰ
Bone Shotel II	骨製彎刀Ⅱ
Bone Shotel III	骨製彎刀Ⅲ
Hard Bone Shotel I	硬骨彎刀Ⅰ
Hard Bone Shotel II	硬骨彎刀Ⅱ
Hard Bone Shotel III	硬骨彎刀Ⅲ
Bone Reaper I	骨鐮Ⅰ
Bone Reaper II	骨鐮Ⅱ
Grand Khopesh I	大地鐮狀劍Ⅰ
Grand Khopesh II	大地鐮狀劍Ⅱ
Grand Khopesh III	大地鐮狀劍Ⅲ
Icebrink	嚴冰鋒刃
Reverent Elusarca	冰靈芒刃
Tigrine Edge	一虎刀
Tigrine Edge+	一虎刀‧改
Tigrine Need	一虎刀【餓刃】
Tigerfang	吼虎刀
Ravenbite	吼虎刀【餓咬】
Rookslayer Long Sword	爆鱗大刀
Bazel Varga Rookslayer	爆鱗刀赤紅利刃
Rooksearer Long Sword	爆炎大刀
Bazel Prozio Rooksearer	炸裂迸發爆炎刀
Blazing Shotel I	火焰彎刀Ⅰ
Blazing Shotel II	火焰彎刀Ⅱ
Anja Scimitar I	蠻顎龍偃月刀Ⅰ
Anja Scimitar II	蠻顎龍偃月刀Ⅱ
Anja Scimitar III	蠻顎龍偃月刀Ⅲ
Anja Direfang I	蠻顎龍之激牙Ⅰ
Anja Direfang II	蠻顎龍之激牙Ⅱ
Gnashing Fulgur I	崩壞雷顎Ⅰ
Gnashing Fulgur II	崩壞雷顎Ⅱ
Jyura Shotel I	泥岩龍彎刀Ⅰ
Jyura Shotel II	泥岩龍彎刀Ⅱ
Jyura Shotel III	泥岩龍彎刀Ⅲ
Dipterus I	深土太刀Ⅰ
Dipterus II	深土太刀Ⅱ
Dipterus III	深土太刀Ⅲ
Dipterus Varzea I	深土漫灘Ⅰ
Dipterus Varzea II	深土漫灘Ⅱ
Mammoth Longblade I	巨牛大太刀Ⅰ
Mammoth Longblade II	巨牛大太刀Ⅱ
Hazak Grosser I	屍套龍太刀Ⅰ
Hazak Grosser II	屍套龍太刀Ⅱ
Deathblade Vaal Grosser	死滅帝侯屍刀
Acid Scimitar I	罪罰偃月刀Ⅰ
Acid Scimitar II	罪罰偃月刀Ⅱ
Pulsar Shotel I	脈衝彎刀Ⅰ
Pulsar Shotel II	脈衝彎刀Ⅱ
Pulsar Shotel III	脈衝彎刀Ⅲ
Kadachi Fang I	飛雷龍之牙Ⅰ
Kadachi Fang II	飛雷龍之牙Ⅱ
Kadachi Fang III	飛雷龍之牙Ⅲ
Kadachi Daito I	飛雷龍大刀Ⅰ
Kadachi Daito II	飛雷龍大刀Ⅱ
Crimson Viperfang I	朱赤麻痹牙Ⅰ
Crimson Viperfang II	朱赤麻痹牙Ⅱ
Glacial Shotel I	優雅彎刀Ⅰ
Glacial Shotel II	優雅彎刀Ⅱ
Stealer	流星刀
Legia Stealer	幻光刀
Legia Stealer+	冰凌幻光‧改
Hoarcry Stealer	霜漂幻光
Apsara Glacia	仙子冰川
Dark Shotel I	黑色彎刀Ⅰ
Dark Shotel II	黑色彎刀Ⅱ
Dark Scimitar I	黑色偃月刀Ⅰ
Dark Scimitar II	黑色偃月刀Ⅱ
Dark Scimitar III	黑色偃月刀Ⅲ
Abyss Piercer I	深黑崩壞者Ⅰ
Abyss Piercer II	深黑崩壞者Ⅱ
Brachydios Scimitar I	碎龍偃月刀Ⅰ
Brachydios Scimitar II	碎龍偃月刀Ⅱ
Dragonbone Stabber I	龍骨刀Ⅰ
Dragonbone Stabber II	龍骨刀Ⅱ
Dragonbone Stabber III	龍骨刀Ⅲ
Dragonseal Aldblade I	封龍古刀Ⅰ
Dragonseal Aldblade II	封龍古刀Ⅱ
Radiant Flow	行雲流水－和光－
Magda Facultas I	熔山龍太刀Ⅰ
Magda Facultas II	熔山龍太刀Ⅱ
Magdaros Volcansword	岩漿榮譽熔山刀
Hydra Tornaria	水螅‧柱頭
Black Tornaria	暴君‧柱頭
Blacksteel Long Sword I	黑鋼太刀Ⅰ
Blacksteel Long Sword II	黑鋼太刀Ⅱ
Imperial Saber	帝王刀
Imperial Shimmer	帝王刀【陽炎】
Imperial Flickerflame	炎帝王刀【海市蜃樓】
Xeno Cypher	冥燈龍太刀
Supremacy Blade	天下無雙刀
Divine Slasher	天上天下無雙刀
Hellish Slasher	天上天下天地無雙刀
"Reaver ""Cruelty"""	殘酷痛苦太刀
"Reaver ""Calamity"""	悲慘痛苦太刀
Consummate Katana	業刀破滅
Azure Star Blade	蒼星的太刀
"Azure Star ""Dragon Dance"""	蒼星的太刀【舞龍】
Empress Sword	皇后劍
"Empress Sword ""Blaze"""	皇后劍‧炎妃
"Soulfire Lash ""Blaze"""	魂焰龍刀‧炎妃
"Empress Sword ""Ruin"""	皇后劍‧滅盡
"Soulfire Lash ""Ruin"""	魂焰龍刀‧滅盡
"Empress Sword ""Styx"""	皇后劍‧冥燈
"Soulfire Lash ""Styx"""	魂焰龍刀‧冥燈
Demon Halberd	鬼薙刀
Great Demon Halberd	大鬼薙刀
Demonlord Halberd	鬼神薙刀【阿修羅】
Brimstren Drakebone	獄刀龍骨
Stygian Gula	狼牙刀【惡獄】
Lightbreak Edge	碎光之曉刀
Mad Scavenger Pickaxe	鋼鐵十字鎬【採掘狂】
Demon Scavenger Pickaxe	超鋼鐵十字鎬【採掘鬼】
Guild Palace Rapier	公會宮殿配刀
Royal Captain Rapier	宮廷禮刀【將星】
Defender Warhatchet I	防衛隊戰斧型擊劍Ⅰ
Defender Warhatchet II	防衛隊戰斧型擊劍Ⅱ
Defender Warhatchet III	防衛隊戰斧型擊劍Ⅲ
Defender Warhatchet IV	防衛隊戰斧型擊劍Ⅳ
Defender Warhatchet V	防衛隊戰斧型擊劍Ⅴ
Hunter's Knife I	獵人小刀Ⅰ
Hunter's Knife II	獵人小刀Ⅱ
Hunter's Knife III	獵人小刀Ⅲ
Steel Knife I	鋼鐵小刀Ⅰ
Steel Knife II	鋼鐵小刀Ⅱ
Steel Knife III	鋼鐵小刀Ⅲ
Chrome Slicer I	鉻鋼切刀
Chrome Slicer II	鉻鋼切刀Ⅱ
Chrome Knight Sword I	鉻鋼騎士劍Ⅰ
Chrome Knight Sword II	鉻鋼騎士劍Ⅱ
Chrome Knight Sword III	鉻鋼騎士劍Ⅲ
Nergal Jack	滅盡龍單手劍
Eradication Vanguard	殲滅之尖兵
Ruinous Madness	殲滅之尖兵【狂】
Flame Knife I	火炎小刀Ⅰ
Flame Knife II	火炎小刀Ⅱ
Heat Edge	炙熱銳劍
Corona	日冕短劍
Corona+	日冕短劍．改
Blue Corona	蒼色日冕短劍
Platinum Dawn	白金黎明
Heavy Bang	重鐵劍
Heavy Bang+	重鐵劍改
Master Bang	至尊劍
Legacy Bang	遺產之劍
Legendary Bang	傳說之劍
Aqua Messer I	水流小刀Ⅰ
Aqua Messer II	水流小刀Ⅱ
Aqua Messer III	水流小刀Ⅲ
Rogue Wave I	洶湧奔流Ⅰ
Rogue Wave II	洶湧奔流Ⅱ
Rogue Wave III	洶湧奔流Ⅲ
Rogue Wave IV	洶湧奔流Ⅳ
Laguna Blossom I	潟湖盛開Ⅰ
Laguna Blossom II	潟湖盛開Ⅱ
Icicle Spike	冰尖利刃
Icicle Spike+	冰尖利刃‧改
Nardebosche	冰牙銳爪
Silverbosche	銀白雪波
Glacial Grace I	優雅鬥士Ⅰ
Glacial Grace II	優雅鬥士Ⅱ
Rimespire	三星劍
Legia Rimespire	冰凌三星劍
Legia Rimespire+	冰凌三星劍‧改
Hoarcry Rimespire	霜漂三星劍
Nephilim Glacia	凌冽冰川
Princess Rapier	公主細劍
Queen Rapier	女王細劍
Queen Rose	女王薔薇
Royal Rose	皇家薔薇
Royal Rose+	皇家薔薇‧改
Rose Highness	君王薔薇
Lunatic Rose	瘋狂玫瑰
Lumu Knife I	浮空龍小刀Ⅰ
Lumu Knife II	浮空龍小刀Ⅱ
Lumu Tabar I	浮空龍戰斧Ⅰ
Lumu Tabar II	浮空龍戰斧Ⅱ
Lumu Tabar III	浮空龍戰斧Ⅲ
Lumu Nightmare I	浮空龍雄兵Ⅰ
Lumu Nightmare II	浮空龍雄兵Ⅱ
Nyx Tabar I	夜神戰斧Ⅰ
Nyx Tabar II	夜神戰斧Ⅱ
Blooming Knife I	花朵小刀Ⅰ
Blooming Knife II	花朵小刀Ⅱ
Blooming Knife III	花朵小刀Ⅲ
Datura Blossom I	盛開曼陀羅Ⅰ
Datura Blossom II	盛開曼陀羅Ⅱ
Datura Blossom III	盛開曼陀羅Ⅲ
Datura Florescence I	曼陀羅滿開Ⅰ
Datura Florescence II	曼陀羅滿開Ⅱ
Dios Edge	碎龍銳劍
Booming Barrage	爆劍戰火之刀
Girros Knife I	凶顎龍小刀Ⅰ
Girros Knife II	凶顎龍小刀Ⅱ
Malady's Tabar I	馬拉多戰斧Ⅰ
Malady's Tabar II	馬拉多戰斧Ⅱ
Malady's Tabar III	馬拉多戰斧Ⅲ
Naaga Seax I	蛇神直刀Ⅰ
Naaga Seax II	蛇神直刀Ⅱ
Hidden Edge	隱密銳劍
Hidden Edge+	隱密銳劍‧改
Flash in the Night	闇夜劍【昏冥】
Bone Kukri I	骨製曲刀Ⅰ
Bone Kukri II	骨製曲刀Ⅱ
Bone Kukri III	骨製曲刀Ⅲ
Chief Kukri I	酋長曲刀Ⅰ
Chief Kukri II	酋長曲刀Ⅱ
Chief Kukri III	酋長曲刀Ⅲ
Grand Barong I	大地巴龍刀Ⅰ
Grand Barong II	大地巴龍刀Ⅱ
Radobaan Os I	暴戾灰燼Ⅰ
Radobaan Os II	暴戾灰燼Ⅱ
Radobaan Os III	暴戾灰燼Ⅲ
Icegale	嚴冰微風
Noble Ana Palas	冰帝穹宮
Spiked Edge I	尖刺銳劍Ⅰ
Spiked Edge II	尖刺銳劍Ⅱ
Baan Claw I	骨鎚龍棍棒Ⅰ
Baan Claw II	骨鎚龍棍棒Ⅱ
Baan Claw III	骨鎚龍棍棒Ⅲ
Radobaan Osseus I	暴戾骨鎚劍Ⅰ
Radobaan Osseus II	暴戾骨鎚劍Ⅱ
Acid Razor I	罪罰戰狂Ⅰ
Acid Razor II	罪罰戰狂Ⅱ
Jagras Edge I	凶豺龍銳劍Ⅰ
Jagras Edge II	凶豺龍銳劍Ⅱ
Jagras Edge III	凶豺龍銳劍Ⅲ
Jagras Garotte I	凶豺龍棍棒Ⅰ
Jagras Garotte II	凶豺龍棍棒Ⅱ
Jagras Garotte III	凶豺龍棍棒Ⅲ
Saber's Gullet I	牙龍劍【惡噬】Ⅰ
Saber's Gullet II	牙龍劍【惡噬】Ⅱ
Rex Talon	轟龍爪
Rex Talon+	轟龍爪‧改
Tigrex Sword	轟劍【虎眼】
Accursed Claw	劫難爪
Stonebite	吼劍【地咬】
Thunder Edge I	閃雷銳劍Ⅰ
Thunder Edge II	閃雷銳劍Ⅱ
Lightning Nemesis I	雷光戰狂Ⅰ
Lightning Nemesis II	雷光戰狂Ⅱ
Lightning Nemesis III	雷光戰狂Ⅲ
Lightning Nemesis IV	雷光戰狂Ⅳ
Usurper's Firebolt	王劍疾雷
Usurper's Firebolt+	王劍疾雷‧改
Despot's Crookbolt	王牙劍【折雷】
Carapace Edge I	土砂龍銳劍Ⅰ
Carapace Edge II	土砂龍銳劍Ⅱ
Carapace Edge III	土砂龍銳劍Ⅲ
Barroth Club I	土砂龍棍棒Ⅰ
Barroth Club II	土砂龍棍棒Ⅱ
Barroth Club III	土砂龍棍棒Ⅲ
Barroth Slicer I	土砂龍混亂Ⅰ
Barroth Slicer II	土砂龍混亂Ⅱ
Glavenus Razor I	斬龍戰狂Ⅰ
Glavenus Razor II	斬龍戰狂Ⅱ
Blazing Edge I	火焰銳劍Ⅰ
Blazing Edge II	火焰銳劍Ⅱ
Flammensucher	蠻顎龍劍
Gnashing Flammensucher	蠻顎劍追尋者
Gnashing Flammensucher+	蠻顎劍追尋者‧改
Lohensieger	追尋者蠻炎劍
Donnersieger	追尋者雷顎劍
Donnersieger+	追尋者雷顎劍‧改
Fulguration's Talon	追尋者蠻雷劍
Dragonbone Sword I	龍骨劍Ⅰ
Dragonbone Sword II	龍骨劍Ⅱ
Dragonbone Sword III	龍骨劍Ⅲ
Dragonseal Aldsword I	封龍古劍Ⅰ
Dragonseal Aldsword II	封龍古劍Ⅱ
Manifested Lotus	妙法應身－蓮華－
Fulminator	雷刀
Thunderbolt Sword I	雷光刀Ⅰ
Thunderbolt Sword II	雷光刀Ⅱ
Ephemeral Fulminator	幻雷刃
Hydros Discus	水蛇衝突
Blacksteel Sword I	黑鋼劍Ⅰ
Blacksteel Sword II	黑鋼劍Ⅱ
Teostra's Spada	炎王之劍
Teostra's Emblem	炎王紋章
Teostra's Medal	炎王緋色榮耀
Xeno Mabura	冥燈龍劍
Fatal Jho	致命暴龍
Fatal Bite	致命寬劍
Fate's Shear	業鉈渴望
Empress Edge	皇后銳劍
"Empress Edge ""Blaze"""	皇后銳劍‧炎妃
"Soulfire Barb ""Blaze"""	魂焰龍劍‧炎妃
"Empress Edge ""Ruin"""	皇后銳劍‧滅盡
"Soulfire Barb ""Ruin"""	魂焰龍劍‧滅盡
"Empress Edge ""Styx"""	皇后銳劍‧冥燈
"Soulfire Barb ""Styx"""	魂焰龍劍‧冥燈
Witcher's Silver Sword	狩魔獵人的銀劍
Witcher's Silver Sword+	狩魔獵人的銀劍＋
Witcher's Silver Sword++	狩魔獵人的銀劍＋＋
Rajang Club	金獸棍
Banned Rajang Club	金獸棍【禁忌】
Demonlord Mace	鬼神棍豪猩
Brimstren Drakescale	獄劍龍鱗
Stygian Luxuria	狼牙劍【欲獄】
Lightbreak Sword	碎光之恒劍
Alatreon Sword	煌黑之劍
Alatreon Star	煌黑劍雙影
Guild Palace Sword	公會宮殿利劍
Royal Nova Sword	宮廷繼劍【新星】
Defender Chainsaws I	防衛隊機械式雙鋸Ⅰ
Defender Chainsaws II	防衛隊機械式雙鋸Ⅱ
Defender Chainsaws III	防衛隊機械式雙鋸Ⅲ
Defender Chainsaws IV	防衛隊機械式雙鋸Ⅳ
Defender Chainsaws V	防衛隊機械式雙鋸Ⅴ
Matched Slicers I	雙刀Ⅰ
Matched Slicers II	雙刀Ⅱ
Matched Slicers III	雙刀Ⅲ
Dual Slicers I	決鬥雙刀Ⅰ
Dual Slicers II	決鬥雙刀Ⅱ
Dual Slicers III	決鬥雙刀Ⅲ
Chrome Slicers I	鉻鋼雙刀Ⅰ
Chrome Slicers II	鉻鋼雙刀Ⅱ
Chrome Cross I	鉻鋼十字Ⅰ
Chrome Cross II	鉻鋼十字Ⅱ
Chrome Cross III	鉻鋼十字Ⅲ
Usurper's Fulgur	王雙刃雷神
Usurper's Fulgur+	王雙刃雷神‧改
Despot's Blitz	王牙雙刃【土雷】
Nergal Gouge	滅盡龍裂痕
Decimation Claws	殘滅之爪
Ruinous Decimation	殘滅之爪【鬼】
Luminous Daggers I	閃耀小刀Ⅰ
Luminous Daggers II	閃耀小刀Ⅱ
Dual Destroyers I	決鬥者對劍Ⅰ
Dual Destroyers II	決鬥者對劍Ⅱ
Dual Destroyers III	決鬥者對劍Ⅲ
Cross Destroyers I	十字對劍Ⅰ
Cross Destroyers II	十字對劍Ⅱ
Hidden Tomahawk I	隱密直柄斧Ⅰ
Hidden Tomahawk II	隱密直柄斧Ⅱ
Rookslayer Handaxes	爆鱗手斧
Bazelhawk Rookslayer	爆鱗雙斧赤紅巨星
Blazing Warhawks	爆炎雙戰斧
Bazel Bombers	爆炎雙斧燋爍
Freeze Daggers I	冰結小刀Ⅰ
Freeze Daggers II	冰結小刀Ⅱ
Freeze Chain I	冰結鏈劍Ⅰ
Freeze Chain II	冰結鏈劍Ⅱ
Blizzarioths	暗霧蘊劍
Blizzarioths+	暗霧蘊劍‧改
Mountain Blizzarioths	寒霜暴風劍
Bergel Vetra	貝古特拉
Rending Beaks I	釘鉤小刀Ⅰ
Rending Beaks II	釘鉤小刀Ⅱ
Rending Beaks III	釘鉤小刀Ⅲ
Arcanaria I	奧秘雙劍Ⅰ
Arcanaria II	奧秘雙劍Ⅱ
Arcanaria III	奧秘雙劍Ⅲ
Asefar al-Nasr I	巢穴暴風Ⅰ
Asefar al-Nasr II	巢穴暴風Ⅱ
Rex Chain I	轟龍鏈劍Ⅰ
Rex Chain II	轟龍鏈劍Ⅱ
Accursed Chain	劫難鏈劍
Twin Flames	雌雄焰刀
Wyvern Lovers	雌雄雙劍
Wyvern Strife	金銀龍對劍
Sworn Rapiers	秩序細劍
Sworn Rapiers+	秩序細劍改
Holy Sabers	神聖佩劍
Guild Knight Sabers	公會騎士軍刀
Master Sabers	大師軍刀
Holy Guild Knight	雙聖劍公會騎士
Bone Hatchets I	骨斧Ⅰ
Bone Hatchets II	骨斧Ⅱ
Bone Hatchets III	骨斧Ⅲ
Wild Hatchets I	狂野戰斧Ⅰ
Wild Hatchets II	狂野戰斧Ⅱ
Wild Hatchets III	狂野戰斧Ⅲ
Strong Hatchets I	強斧Ⅰ
Strong Hatchets II	強斧Ⅱ
Hulking Choppers I	厚實砍刀Ⅰ
Hulking Choppers II	厚實砍刀Ⅱ
Hulking Choppers III	厚實砍刀Ⅲ
Icefeather	嚴冰羽翎
Untouched Hel	冰聖幽冥
Blazing Hatchets I	火焰戰斧Ⅰ
Blazing Hatchets II	火焰戰斧Ⅱ
Anja Cyclone I	蠻顎龍颶風Ⅰ
Anja Cyclone II	蠻顎龍颶風Ⅱ
Anja Cyclone III	蠻顎龍颶風Ⅲ
Anja Twinrippers I	蠻顎龍之烈爪Ⅰ
Anja Twinrippers II	蠻顎龍之烈爪Ⅱ
Fulguring Tornado I	旋風雷顎Ⅰ
Fulguring Tornado II	旋風雷顎Ⅱ
Diablos Hatchets I	爆鎚戰斧Ⅰ
Diablos Hatchets II	爆鎚戰斧Ⅱ
Diablos Clubs I	爆鎚棍棒Ⅰ
Diablos Clubs II	爆鎚棍棒Ⅱ
Diablos Clubs III	爆鎚棍棒Ⅲ
Thanatos Mauls	命運棍棒
Sulfurteinn Ortho	硫鐵結契
The Stripping Shears	巖窟硫斬雙刃
Mammoth Direbones I	巨牛大骨Ⅰ
Mammoth Direbones II	巨牛大骨Ⅱ
Madness Pangas I	泥岩利劍Ⅰ
Madness Pangas II	泥岩利劍Ⅱ
Madness Pangas III	泥岩利劍Ⅲ
Jyura Hatchets I	泥岩龍斬斧Ⅰ
Jyura Hatchets II	泥岩龍斬斧Ⅱ
Jyura Hatchets III	泥岩龍斬斧Ⅲ
Jyura Keenblades I	泥岩龍密叢Ⅰ
Jyura Keenblades II	泥岩龍密叢Ⅱ
Raven Tessen	鐵扇【烏】
Wolf Tessen	鐵扇【狼】
Beo Hatchets I	冰魚龍戰斧Ⅰ
Beo Hatchets II	冰魚龍戰斧Ⅱ
Lava Cyclone I	熔岩颶風Ⅰ
Lava Cyclone II	熔岩颶風Ⅱ
Shattering Flames I	火碎雙刃Ⅰ
Shattering Flames II	火碎雙刃Ⅱ
Smoldering Cities	灼炎之保存者
Smoldering Cities+	灼炎之保存者‧改
Smoldering Kingdoms	斬龍雙刃光耀
Taurus Pangas I	巨甲蟲利劍Ⅰ
Taurus Pangas II	巨甲蟲利劍Ⅱ
Dark Ripper I	黑色收割者Ⅰ
Dark Ripper II	黑色收割者Ⅱ
Dark Ripper III	黑色收割者Ⅲ
Abyss Eaters I	深黑噬者Ⅰ
Abyss Eaters II	深黑噬者Ⅱ
Brachydios Blasters I	碎龍利劍Ⅰ
Brachydios Blasters II	碎龍利劍Ⅱ
Pulsar Hatchets I	脈衝戰斧Ⅰ
Pulsar Hatchets II	脈衝戰斧Ⅱ
Pulsar Hatchets III	脈衝戰斧Ⅲ
Kadachi Claws I	飛雷龍之爪Ⅰ
Kadachi Claws II	飛雷龍之爪Ⅱ
Kadachi Claws III	飛雷龍之爪Ⅲ
Kadachi Greathawks I	飛雷龍鍥刀Ⅰ
Kadachi Greathawks II	飛雷龍鍥刀Ⅱ
Crimson Viperclaws I	朱赤毒之爪Ⅰ
Crimson Viperclaws II	朱赤毒之爪Ⅱ
Garon Hatchets I	慘爪戰斧Ⅰ
Garon Hatchets II	慘爪戰斧Ⅱ
Blood-drinker Chainblade	吸血鎖鎌
Sin	罪【真】
Sin+	罪【真】‧改
Crime	罪惡【劣行】
Nether Chainblades	冥府鎖鐮
Death Row	死罪【刑罰】
Dragonbone Twinblades I	龍骨雙刀Ⅰ
Dragonbone Twinblades II	龍骨雙刀Ⅱ
Enduring Schism	封龍劍【超絕一門】
Enduring Sacrifice	封龍劍【真絕一門】
Enduring Surrender	封龍劍【極絕一門】
Boundless Farsight	邪鬼霧散－慧眼－
Kirin Bolts	雙雷劍麒麟
Kirin Bolts+	雙雷劍麒麟改
Monarch	迅雷
Wunderkirins	雙雷寶劍【麒麟兒】
Magda Ungulae I	熔山龍鉤爪Ⅰ
Magda Ungulae II	熔山龍鉤爪Ⅱ
Magdaros Volcancross	岩漿利爪熔山雙劍
Blacksteel Twins I	黑鋼雙劍Ⅰ
Blacksteel Twins II	黑鋼雙劍Ⅱ
Twin Nails	雙爪刀
Fire and Ice	冰炎劍維爾瑪閃焰
Blizzard and Blaze	冰炎魔劍極限
Xeno Raqs	冥燈龍雙劍
Wrath & Rancor	憤怒的雙刀
Wrathful Predation	憤怒捕食者
Consummate Pair	業雙刃衝動
Empress Daggers	皇后小刀
"Empress Daggers ""Blaze"""	皇后小刀‧炎妃
"Soulfire Fangs ""Blaze"""	魂焰雙刃‧炎妃
"Empress Daggers ""Ruin"""	皇后小刀‧滅盡
"Soulfire Fangs ""Ruin"""	魂焰雙刃‧滅盡
"Empress Daggers ""Styx"""	皇后小刀‧冥燈
"Soulfire Fangs ""Styx"""	魂焰雙刃‧冥燈
Downy Crake Brooms	鬆軟的羽毛掃把
Downy Crake Love	鬆軟的慈愛
Downy Paradise	鬆軟天國
Zireael	吉薇艾兒
Zireael+	吉薇艾兒＋
Suzuka Takamaru	鬥鬼【高丸】
Suzuka Otakemaru	鬥神鬼【大嶽丸】
Demonlord Hellfists	鬼神鬥拳【獄殺】
Drakespirit Hellclaws	龍氣獄爪
Stygian Bloodclaws	狼牙雙爪【血獄】
Lightbreak Twins	碎光之雙閃
Alatreon Dual Blades	煌黑雙劍
Alatreon Madness	煌黑雙劍烈狂
Whetfish Sabers	鋒利魚刃
Whetfish Sabers+	鋒利魚刃‧改
Guild Palace Sabers	公會宮殿軍刀
Royal Savior Daggers	宮廷雙騎【救星】
Defender Warhammer I	防衛隊鋼鐵製戰鎚Ⅰ
Defender Warhammer II	防衛隊鋼鐵製戰鎚Ⅱ
Defender Warhammer III	防衛隊鋼鐵製戰鎚Ⅲ
Defender Warhammer IV	防衛隊鋼鐵製戰鎚Ⅳ
Defender Warhammer V	防衛隊鋼鐵製戰鎚Ⅴ
Iron Hammer I	鐵鎚Ⅰ
Iron Hammer II	鐵鎚Ⅱ
Iron Hammer III	鐵鎚Ⅲ
Iron Demon I	鬼鐵
Iron Demon II	鬼鐵Ⅱ
Iron Demon III	鬼鐵Ⅲ
Iron Archdemon I	大鬼鐵Ⅰ
Iron Archdemon II	大鬼鐵Ⅱ
Kurogane I	黑鐵Ⅰ
Kurogane II	黑鐵Ⅱ
Kurogane III	黑鐵Ⅲ
Red Bludgeon	紅色衝擊
Huracan Hammer	火龍碎弗拉岡
Leonid Starcrusher	星碎殞落
Nergal Crusher	滅盡龍粉碎者
Obliteration's Footfall	潰滅一擊
Ruinous Obliteration	潰滅一擊【壞】
Frozen Core	冰霜核心
Frozen Core+	冰霜核心改
Cocytus	慟泣冰河
Cocytus+	慟泣冰河‧改
Pykrete Punisher	冰鐵毀壞
Aqua Hammer I	水流鎚Ⅰ
Aqua Hammer II	水流鎚Ⅱ
Aqua Hammer III	水流鎚Ⅲ
Water Basher I	激流強鎚Ⅰ
Water Basher II	激流強鎚Ⅱ
Water Basher III	激流強鎚Ⅲ
Water Basher IV	激流強鎚Ⅳ
Aqua Flora	水流花仙
Aqua Flora+	水流花仙‧改
Aqua Florescence	水流花神
Glacial Bash I	冰尖強鎚Ⅰ
Glacial Bash II	冰尖強鎚Ⅱ
Polaris Bash	北極星重擊
Girros Hammer I	凶顎龍鎚Ⅰ
Girros Hammer II	凶顎龍鎚Ⅱ
Malady's Fist I	馬拉多戰鎚Ⅰ
Malady's Fist II	馬拉多戰鎚Ⅱ
Malady's Fist III	馬拉多戰鎚Ⅲ
Naaga Matraca I	蛇神戰鎚Ⅰ
Naaga Matraca II	蛇神戰鎚Ⅱ
Nyx Hammer I	夜神大錘Ⅰ
Nyx Hammer II	夜神大錘Ⅱ
Blooming Hammer I	花朵鎚Ⅰ
Blooming Hammer II	花朵鎚Ⅱ
Blooming Hammer III	花朵鎚Ⅲ
Buon Fiore	鮮豔花朵
Buona Flora	花之女神
Buona Flora+	花之女神‧改
Buona Florescenza	聖地花神
Hidden Breaker	隱密破擊者
Hidden Breaker+	隱密破擊者‧改
Night Eternal	夜行錘【常闇】
Thunder Hammer I	閃電鎚Ⅰ
Thunder Hammer II	閃電鎚Ⅱ
Lightning Bash I	雷光強鎚Ⅰ
Lightning Bash II	雷光強鎚Ⅱ
Lightning Bash III	雷光強鎚Ⅲ
Lightning Bash IV	雷光強鎚Ⅳ
Usurper's Thunder	王錘神雷
Usurper's Thunder+	王錘神雷‧改
Despot's Crackle	王牙錘【大雷】
Bone Bludgeon I	岩骨鎚Ⅰ
Bone Bludgeon II	岩骨鎚Ⅱ
Bone Bludgeon III	岩骨鎚Ⅲ
Fossil Bludgeon I	重岩骨鎚Ⅰ
Fossil Bludgeon II	重岩骨鎚Ⅱ
Fossil Bludgeon III	重岩骨鎚Ⅲ
Grandrock I	大地之岩Ⅰ
Grandrock II	大地之岩Ⅱ
Earth Ender I	蓋亞終結者 Ⅰ
Earth Ender II	蓋亞終結者 Ⅱ
Earth Ender III	蓋亞終結者 Ⅲ
Iceshaker	嚴冰風雲者
Victorious Northlein	冰軍極地
Hazak Vlafos	屍套龍大鎚
Pandemonium's Root	惡靈禍根
Pandemonium's Wrath	惡靈的復仇
Pandemonium Unleashed	淵藪惡靈
Bone Spike I	銳骨鎚Ⅰ
Bone Spike II	銳骨鎚Ⅱ
Baan Strike I	骨鎚龍擊鎚Ⅰ
Baan Strike II	骨鎚龍擊鎚Ⅱ
Baan Strike III	骨鎚龍擊鎚Ⅲ
Baan Gavel I	骨鎚龍終結者 Ⅰ
Baan Gavel II	骨鎚龍終結者 Ⅱ
Striped Striker	轟龍紋錘
Striped Striker+	轟龍紋錘‧改
Tigrex Hammer	轟錘【虎丸】
Brazenbreak I	爆鎚粉碎者Ⅰ
Brazenbreak II	爆鎚粉碎者Ⅱ
Uragaan Hammer I	重甲鎚爆鎚龍Ⅰ
Uragaan Hammer II	重甲鎚爆鎚龍Ⅱ
Scorching Isshata	灼炎之吞噬者
Scorching Isshata+	灼炎之吞噬者‧改
Glavenus's Uruga	斬龍錘能源
Kulu Beak I	搔鳥釘鎚Ⅰ
Kulu Beak II	搔鳥釘鎚Ⅱ
Kulu Beak III	搔鳥釘鎚Ⅲ
Crushing Beak I	衝擊釘鎚Ⅰ
Crushing Beak II	衝擊釘鎚Ⅱ
Crushing Beak III	衝擊釘鎚Ⅲ
Makhlab al-Nasr I	巢穴鉤爪Ⅰ
Makhlab al-Nasr II	巢穴鉤爪Ⅱ
Mammoth Hoof I	巨牛大蹄Ⅰ
Mammoth Hoof II	巨牛大蹄Ⅱ
Blackwing Deathblow I	黑羽凶槌Ⅰ
Blackwing Deathblow II	黑羽凶槌Ⅱ
Diablos Sledge I	銅頭鎚Ⅰ
Diablos Sledge II	銅頭鎚Ⅱ
Diablos Shatterer I	爆鎚戰鎚Ⅰ
Diablos Shatterer II	爆鎚戰鎚Ⅱ
Diablos Shatterer III	爆鎚戰鎚Ⅲ
Chaos Shatterer	混沌戰鎚
Sulfurteinn Alcan	硫鐵合交
The Grinding Mallet	暗穴硫斬鎚
Carapace Sledge I	土砂龍鏈枷Ⅰ
Carapace Sledge II	土砂龍鏈枷Ⅱ
Carapace Sledge III	土砂龍鏈枷Ⅲ
Barroth Breaker I	土砂龍粉碎者Ⅰ
Barroth Breaker II	土砂龍粉碎者Ⅱ
Barroth Breaker III	土砂龍粉碎者Ⅲ
Barroth Crusher I	土砂龍衝擊Ⅰ
Barroth Crusher II	土砂龍衝擊Ⅱ
Dios Tailhammer	碎龍之尾
Brachy Tailhammer	爆錘月之尾
Blazing Hammer I	火焰戰鎚Ⅰ
Blazing Hammer II	火焰戰鎚Ⅱ
Anja Striker I	蠻顎龍戰鎚Ⅰ
Anja Striker II	蠻顎龍戰鎚Ⅱ
Anja Striker III	蠻顎龍戰鎚Ⅲ
Anja Fiercemaul I	蠻顎龍之猛槌Ⅰ
Anja Fiercemaul II	蠻顎龍之猛槌Ⅱ
Grinding Fulgur I	自由雷顎Ⅰ
Grinding Fulgur II	自由雷顎Ⅱ
Dragonbone Basher I	龍骨大鎚Ⅰ
Dragonbone Basher II	龍骨大鎚Ⅱ
Dragonbone Basher III	龍骨大鎚Ⅲ
Dragonseal Basher I	封龍大槌Ⅰ
Dragonseal Hammer II	封龍大槌Ⅱ
Dawning Tranquility	明珠在掌－降魔－
Magda Floga	熔山龍爆鎚
Ragefire Magda Floga	活火激發熔山龍爆鎚
Magda Floga Reforged	真‧活火激發熔山龍爆鎚
Blacksteel Hammer I	黑鋼鎚Ⅰ
Blacksteel Hammer II	黑鋼鎚Ⅱ
Icesteel Hammer	鋼冰棍
Daora's Colossus	巨大鋼龍錘
Daora's Hyperborea	超越鋼龍錘
Xeno Maph'agarna	冥燈龍大鎚
Jail Hammer	牢獄錘
Binder Mace	電擊錘
Binding Coffin	拘束之棺
Devil's Due	混沌之鎚
Devil's Crush	混沌猛擊
Consummate Hammer	業錘食慾
Empress Mace	皇后鏈錘
"Empress Mace ""Blaze"""	皇后鏈錘‧炎妃
"Soulfire Heel ""Blaze"""	魂焰剛鎚‧炎妃
"Empress Mace ""Ruin"""	皇后鏈錘‧滅盡
"Soulfire Heel ""Ruin"""	魂焰剛鎚‧滅盡
"Empress Mace ""Styx"""	皇后鏈錘‧冥燈
"Soulfire Heel ""Styx"""	魂焰剛鎚‧冥燈
Mane Malice	怒髮錘
Mane Malice Rajang	怒髮豪大金獅
Demonlord Sledge	鬼神錘【金鬼】
Brimstren Drakemaw	獄錘龍額
Stygian Industria	狼牙鎚【食獄】
Lightbreak Hammer	碎光之滅錘
Alatreon Hammer	煌黑之堅錘
Alatreon Metamorph	煌黑堅錘破毀
Bristly Pincushion	硬梆梆的針山
Bristly Grudge	硬梆梆的怨氣
Bristly Inferno	硬梆梆地獄
Well-done Hammer	全熟肉【特選】
Juicy Well-done Hammer	超全熟肉【頂級】
Space Lord! Super-8	宇宙征服！超級８！
Guild Palace Mace	公會宮殿鏈錘
Royal Cross Mace	宮廷十字鎚【鍛星】
Defender Rally Horn I	防衛隊支援型大鼓Ⅰ
Defender Rally Horn II	防衛隊支援型大鼓Ⅱ
Defender Rally Horn III	防衛隊支援型大鼓Ⅲ
Defender Rally Horn IV	防衛隊支援型大鼓Ⅳ
Defender Rally Horn V	防衛隊支援型大鼓Ⅴ
Metal Bagpipe I	金屬風笛Ⅰ
Metal Bagpipe II	金屬風笛Ⅱ
Metal Bagpipe III	金屬風笛Ⅲ
Great Bagpipe I	巨型風笛Ⅰ
Great Bagpipe II	巨型風笛Ⅱ
Great Bagpipe III	巨型風笛Ⅲ
Fortissimo I	威猛風笛Ⅰ
Fortissimo II	威猛風笛Ⅱ
Sforzando I	威力輕曲Ⅰ
Sforzando II	威力輕曲Ⅱ
Sforzando III	威力輕曲Ⅲ
Raven Shamisen	三味線【烏】
Wolf Shamisen	三味線【狼】
Nergal Groove	滅盡龍旋律
Desolation's Overture	寂滅的章節
Ruinous Desolation	寂滅的章節【魂】
Thunder Gaida I	閃電風笛Ⅰ
Thunder Gaida II	閃電風笛Ⅱ
Lightning Drum I	雷鼓Ⅰ
Lightning Drum II	雷鼓Ⅱ
Lightning Drum III	雷鼓Ⅲ
Lightning Drum IV	雷鼓Ⅳ
Usurper's Growl	王琴轟雷
Usurper's Growl+	王琴轟雷‧改
Despot's Thunderclap	王牙琴【鳴雷】
Kulu Duda I	搔鳥風笛Ⅰ
Kulu Duda II	搔鳥風笛Ⅱ
Kulu Duda III	搔鳥風笛Ⅲ
Dancing Davul I	星空皮鼓Ⅰ
Dancing Davul II	星空皮鼓Ⅱ
Dancing Davul III	星空皮鼓Ⅲ
Taghrid al-Nasr I	巢穴玉振Ⅰ
Taghrid al-Nasr II	巢穴玉振Ⅱ
Striped Dragonga	轟龍紋笛
Striped Dragonga+	轟龍紋笛‧改
Tigrex Horn	轟鼓【虎鐘】
Accursed Wail	劫難紋笛
Ogrebite	吼鼓【鬼咬】
Valkyrie Chordmaker	女武神戰鈴
Queen Chordmaker	女武神之笛
Coral Chordmaker	櫻戰鈴
Royal Chordmaker	皇家戰笛
Royal Chordmaker+	皇家戰笛‧改
Regal Flute	君王戰笛
Gold Chordmaker	金獵笛
Aqua Bagpipe I	水流風笛
Aqua Bagpipe II	水流風笛Ⅱ
Aqua Bagpipe III	水流風笛Ⅲ
Water Tamtam I	激流銅鑼Ⅰ
Water Tamtam II	激流銅鑼Ⅱ
Water Tamtam III	激流銅鑼Ⅲ
Water Tamtam IV	激流銅鑼Ⅳ
Laguna Drum I	潟湖鼓Ⅰ
Laguna Drum II	潟湖鼓Ⅱ
Hidden Harmonic	隱密音調
Hidden Harmonic+	隱密音調‧改
Cry in the Night	夜笛【逢魔】
Glacial Bagpipe I	優雅風笛Ⅰ
Glacial Bagpipe II	優雅風笛Ⅱ
Sectored	琴弦
Legia Sectored	冰凌琴弦
Legia Sectored+	冰凌琴弦‧改
Hoarcry Sectored	霜漂琴弦
Lilim Glacia	高峰冰川
Bone Horn I	骨製號角Ⅰ
Bone Horn II	骨製號角Ⅱ
Bone Horn III	骨製號角Ⅲ
Hard Bone Horn I	硬骨號角Ⅰ
Hard Bone Horn II	硬骨號角Ⅱ
Hard Bone Horn III	硬骨號角Ⅲ
Heavy Bone Horn I	堅骨號角Ⅰ
Heavy Bone Horn II	堅骨號角Ⅱ
Mad Bone Horn I	狂骨號角Ⅰ
Mad Bone Horn II	狂骨號角Ⅱ
Mad Bone Horn III	狂骨號角Ⅲ
Icespiel	嚴冰鐘琴
Sonorous Eisfyl	冰琴凍土
Gama Horn I	岩賊龍號角Ⅰ
Gama Horn II	岩賊龍號角Ⅱ
Gama Chorus I	岩賊龍和鳴Ⅰ
Gama Chorus II	岩賊龍和鳴Ⅱ
Hell Horn	灼炎之火靈
Hell Horn+	灼炎之火靈‧改
Glavenus Horn	斬龍笛陶醉
Blazing Horn I	火焰號角Ⅰ
Blazing Horn II	火焰號角Ⅱ
Anja Barone I	蠻顎龍長號Ⅰ
Anja Barone II	蠻顎龍長號Ⅱ
Anja Barone III	蠻顎龍長號Ⅲ
Anjanath Hum I	蠻顎龍之哼歌Ⅰ
Anjanath Hum II	蠻顎龍之哼歌Ⅱ
Fulguring Horn I	管樂雷顎Ⅰ
Fulguring Horn II	管樂雷顎Ⅱ
Sulfurteinn Svild	硫鐵輝礦
The Rasping Ballad	蔭坑硫斬笛
Blooming Horn I	花朵號角Ⅰ
Blooming Horn II	花朵號角Ⅱ
Blooming Horn III	花朵號角Ⅲ
Datura Horn I	曼陀羅號角Ⅰ
Datura Horn II	曼陀羅號角Ⅱ
Datura Horn III	曼陀羅號角Ⅲ
Datura Maestro I	曼陀羅巨匠Ⅰ
Datura Maestro II	曼陀羅巨匠Ⅱ
Icicle Horn I	冰尖號角Ⅰ
Icicle Horn II	冰尖號角Ⅱ
Bringuiro	瑰麗雪霜
Lumu Horn I	浮空龍號角Ⅰ
Lumu Horn II	浮空龍號角Ⅱ
Lumu Barone I	浮空龍長號Ⅰ
Lumu Barone II	浮空龍長號Ⅱ
Lumu Barone III	浮空龍長號Ⅲ
Lumu Drone I	浮空龍鳴音Ⅰ
Lumu Drone II	浮空龍鳴音Ⅱ
Nyx Barone I	夜神長號Ⅰ
Nyx Barone II	夜神長號Ⅱ
Rookslayer Drum	爆鱗太鼓
Bazelreid Rookslayer	爆鱗鼓赤紅星光
Rooksearer Drum	爆炎太鼓
Bazel Valdi Rooksearer	炸裂星火爆炎鼓
Sonic Horn I	音速號角Ⅰ
Sonic Horn II	音速號角Ⅱ
Sonic Horn III	音速號角Ⅲ
Glass Royale	皇家琉璃鈴
Glass Royale+	皇家琉璃鈴改
Queen Vespoid Horn	女王笛巨蜂
Queen Vespoid Horn+	女王笛巨蜂‧改
Queen's Flute II	女王笛巨蜂Ⅱ世
Spiked Horn I	尖刺號角Ⅰ
Spiked Horn II	尖刺號角Ⅱ
Baan Horn I	骨鎚龍號角Ⅰ
Baan Horn II	骨鎚龍號角Ⅱ
Baan Horn III	骨鎚龍號角Ⅲ
Baan Rattle I	骨鎚龍振響Ⅰ
Baan Rattle II	骨鎚龍振響Ⅱ
Brachydios Horn I	碎龍號角Ⅰ
Brachydios Horn II	碎龍號角Ⅱ
Dragonbone Auldhorn I	龍骨古笛Ⅰ
Dragonbone Auldhorn II	龍骨古笛Ⅱ
Dragonbone Auldhorn III	龍骨古笛Ⅲ
Dragonseal Aldhorn I	封龍古笛Ⅰ
Dragonseal Aldhorn II	封龍古笛Ⅱ
Austere Paradise	極樂淨土－華嚴－
Thundercry Horn	雷鳴笛
Thunderbolt Horn I	雷光笛Ⅰ
Thunderbolt Horn II	雷光笛Ⅱ
Thunderwail Feyhorn	幻雷魔笛
Hydros Horn	水蛇號角
Blacksteel Dragonhorn I	黑鋼龍笛Ⅰ
Blacksteel Dragonhorn II	黑鋼龍笛Ⅱ
Teostra's Tiple	炎王琴
Teostra's Orphée	炎王豎琴
Teostra's Musica	炎王紅蓮琴笛
Xeno Manasheena	冥燈龍狩獵笛
Devil's Maestro	鎖縛的暴龍
Deep Vero	深邃之鎖
Fate's Dirge	業奏縛狼鎖
Empress Roar	皇后鼓
"Empress Roar ""Blaze"""	皇后鼓‧炎妃
"Soulfire Chorus ""Blaze"""	魂焰龍笛‧炎妃
"Empress Roar ""Ruin"""	皇后鼓‧滅盡
"Soulfire Chorus ""Ruin"""	魂焰龍笛‧滅盡
"Empress Roar ""Styx"""	皇后鼓‧冥燈
"Soulfire Chorus ""Styx"""	魂焰龍笛‧冥燈
Denden Daiko	電電太鼓
Denden Doomsounder	電電太鼓【雷轟】
Demonlord Wardrum	鬼神電鼓【緋之魂】
Brimstren Drakesong	獄琴龍背
Stygian Tristitia	狼牙琴【異獄】
Lightbreak Timbre	碎光之陽鈴
Alatreon Harmony	煌黑風琴
Alatreon Revival	煌黑琴雅烈婕
Guild Palace Bard	公會宮殿吟遊者
Royal Song Symphony	宮廷奏琴【響星】
Defender Lance I	防衛隊廣刃型長槍Ⅰ
Defender Lance II	防衛隊廣刃型長槍Ⅱ
Defender Lance III	防衛隊廣刃型長槍Ⅲ
Defender Lance IV	防衛隊廣刃型長槍Ⅳ
Defender Lance V	防衛隊廣刃型長槍Ⅴ
Iron Lance I	鐵槍Ⅰ
Iron Lance II	鐵槍Ⅱ
Iron Lance III	鐵槍Ⅲ
Steel Lance I	鋼鐵槍Ⅰ
Steel Lance II	鋼鐵槍Ⅱ
Steel Lance III	鋼鐵槍Ⅲ
Chrome Lance I	鉻鋼長槍Ⅰ
Chrome Lance II	鉻鋼長槍Ⅱ
Chrome Drill I	鉻鋼螺桿Ⅰ
Chrome Drill II	鉻鋼螺桿Ⅱ
Chrome Drill III	鉻鋼螺桿Ⅲ
Incessant Raven	方天戟【烏】
Incessant Wolf	方天戟【狼】
Nergal Impaler	滅盡龍長槍
Perdition's Hand	亡滅之腕
Ruinous Perdition	亡滅之腕【邪】
Glacial Lance I	優雅長槍Ⅰ
Glacial Lance II	優雅長槍Ⅱ
Legiana Halberd I	風漂龍斧槍Ⅰ
Legiana Halberd II	風漂龍斧槍Ⅱ
Legiana Halberd III	風漂龍斧槍Ⅲ
Hoarcry Halberd	霜漂斧槍
Nyx Halberd I	夜神斧槍Ⅰ
Nyx Halberd II	夜神斧槍Ⅱ
Kulu Lance I	搔鳥長槍Ⅰ
Kulu Lance II	搔鳥長槍Ⅱ
Kulu Lance III	搔鳥長槍Ⅲ
Kulu Hasta I	搔鳥尖槍Ⅰ
Kulu Hasta II	搔鳥尖槍Ⅱ
Kulu Hasta III	搔鳥尖槍Ⅲ
Minqar al-Nasr I	巢穴鳥喙Ⅰ
Minqar al-Nasr II	巢穴鳥喙Ⅱ
Tusk Lance	冰牙長槍
Tusk Lance+	冰牙長槍‧改
Sabertooth	冰牙刀鋒
Saber Fang	騎兵羅德斯
Gama Pilebunker I	岩賊龍刺針Ⅰ
Gama Pilebunker II	岩賊龍刺針Ⅱ
Gama Drill I	岩賊龍螺桿Ⅰ
Gama Drill II	岩賊龍螺桿Ⅱ
Hidden Hastur I	隱密尖槍Ⅰ
Hidden Hastur II	隱密尖槍Ⅱ
Thunder Lance I	閃電長槍Ⅰ
Thunder Lance II	閃電長槍Ⅱ
Lightning Spire I	雷光長槍Ⅰ
Lightning Spire II	雷光長槍Ⅱ
Lightning Spire III	雷光長槍Ⅲ
Lightning Bolt I	轟雷長槍Ⅰ
Lightning Bolt II	轟雷長槍Ⅱ
Thunderpierce I	迅雷疾槍Ⅰ
Thunderpierce II	迅雷疾槍Ⅱ
Blooming Lance I	花朵長槍Ⅰ
Blooming Lance II	花朵長槍Ⅱ
Blooming Lance III	花朵長槍Ⅲ
Datura Pike I	曼陀羅長矛Ⅰ
Datura Pike II	曼陀羅長矛Ⅱ
Datura Pike III	曼陀羅長矛Ⅲ
Datura Stalk I	曼陀羅新芽Ⅰ
Datura Stalk II	曼陀羅新芽Ⅱ
Laguna Pike I	潟湖尖刺Ⅰ
Laguna Pike II	潟湖尖刺Ⅱ
Flame Lance I	火焰長槍Ⅰ
Flame Lance II	火焰長槍Ⅱ
Red Tail	赤尾長槍
Blue Tail	蒼尾長槍
Blue Prominence	蒼色日珥
Blue Prominence+	蒼色日珥‧改
Soul Prominence	元神日珥
Silver Prominence	銀白日珥
Bone Lance I	骨槍Ⅰ
Bone Lance II	骨槍Ⅱ
Bone Lance III	骨槍Ⅲ
Hard Bone Lance I	硬骨長槍Ⅰ
Hard Bone Lance II	硬骨長槍Ⅱ
Hard Bone Lance III	硬骨長槍Ⅲ
Heavy Bone Lance I	堅骨槍Ⅰ
Heavy Bone Lance II	堅骨槍Ⅱ
Grand Halberd I	大地槍戟Ⅰ
Grand Halberd II	大地槍戟Ⅱ
Grand Halberd III	大地槍戟Ⅲ
Iceborer	嚴冰槍騎兵
Knightly Ectis	冰騎抗兵
Hazak Wächter	屍套龍長槍
Love's Sorrow	死神的哀愁
Love's Tragedy	死神的悲劇
Love's End	凄惶死神
Taurus Lance I	巨甲蟲長槍Ⅰ
Taurus Lance II	巨甲蟲長槍Ⅱ
Dark Stinger I	黑色刺針Ⅰ
Dark Stinger II	黑色刺針Ⅱ
Dark Stinger III	黑色刺針Ⅲ
Abyss Aggressor I	深黑侵略者Ⅰ
Abyss Aggressor II	深黑侵略者Ⅱ
Svarog Blazer	灼炎之神牙
Svarog Blazer+	灼炎之神牙‧改
Glavenus Granat	斬龍槍堅石
Carapace Lance I	土砂龍長槍Ⅰ
Carapace Lance II	土砂龍長槍Ⅱ
Carapace Lance III	土砂龍長槍Ⅲ
Barroth Stinger I	土砂龍刺針Ⅰ
Barroth Stinger II	土砂龍刺針Ⅱ
Barroth Stinger III	土砂龍刺針Ⅲ
Barroth Halberd I	土砂龍槍戟Ⅰ
Barroth Halberd II	土砂龍槍戟Ⅱ
Dios Halberd I	碎龍槍戟Ⅰ
Dios Halberd II	碎龍槍戟Ⅱ
Garon Lance I	慘爪長槍Ⅰ
Garon Lance II	慘爪長槍Ⅱ
Garon Dhara I	慘爪刺針Ⅰ
Garon Dhara II	慘爪刺針Ⅱ
Odogaron's Misery I	慘槍慘爪龍Ⅰ
Odogaron's Misery II	慘槍慘爪龍Ⅱ
Death Garon Lance	兇槍亡爪
Aqua Horn I	水流骨槍Ⅰ
Aqua Horn II	水流骨槍Ⅱ
Aqua Horn III	水流骨槍Ⅲ
Water Spike I	激流尖刺Ⅰ
Water Spike II	激流尖刺Ⅱ
Water Spike III	激流尖刺Ⅲ
Water Spike IV	激流尖刺Ⅳ
Hydros Ullr	水蛇讚嘆
Tiger Stinger	轟龍之刺
Tiger Stinger+	轟龍之刺‧改
Tigrex Lance	轟槍【獨虎】
Accursed Stinger	劫難之刺
Backbite	吼槍【逆咬】
Sulfurteinn Keton	硫鐵化合
The Solvent Spindle	深窪硫斬槍
Dragonbone Lance I	龍骨槍Ⅰ
Dragonbone Lance II	龍骨槍Ⅱ
Dragonbone Lance III	龍骨槍Ⅲ
Dragonseal Aldspear I	封龍古槍Ⅰ
Dragonseal Aldspear II	封龍古槍Ⅱ
Unblinking Gatekeeper	金剛輪寶－仁王－
Rookslayer Lance	爆鱗突擊槍
Bazel Myniad Rookslayer	爆鱗槍赤紅巨星
Blasting Siegespear	爆炎突擊槍
Bazel Rocket Rooksearer	炸裂火箭爆炎槍
Thunderpike	雷槍
Thunderspear	雷槍【霆】
Thunderpiercer	雷槍【建御雷】
Naar Thunderlance	雷槍【鳴神】
Blacksteel Lance I	黑鋼槍Ⅰ
Blacksteel Lance II	黑鋼槍Ⅱ
Icesteel Spear	鋼冰槍
Daora's Fang	祈願鋼龍槍
Daora's Regulus	王者鋼龍槍
Xeno Zauta	冥燈龍長槍
Babel Spear	巴別塔
Elder Babel Spear	遠古巴別塔
Lost Babel	失落巴別塔
Grief Lance	悲哀的重槍
Fiendish Tower	亞特羅西斯塔
Fate's Spindle	業鎗嗜慾
Empress Lance	皇后長槍
"Empress Lance ""Blaze"""	皇后長槍‧炎妃
"Soulfire Spike ""Blaze"""	魂焰龍槍‧炎妃
"Empress Lance ""Ruin"""	皇后長槍‧滅盡
"Soulfire Spike ""Ruin"""	魂焰龍刃‧滅盡
"Empress Lance ""Styx"""	皇后長槍‧冥燈
"Soulfire Spike ""Styx"""	魂焰龍刃‧冥燈
Shooting Star Lance	團旗長槍【流星】
Sapphire Star Lance	團旗長槍【指引之星】
Shining Star Lance	繼承團旗長槍【輝星】
Fair Wind Lance	團旗長槍【順風】
White Wind Lance	團旗長槍【一帆風順】
Sweeping Gale Lance	羈絆團旗長槍【疾風】
Demon Lance	鬼槍金獅子
Great Demon Lance	大鬼槍金獅子
Demonlord Rajang	鬼神天槍金獅子
Infernal Warlance	獄界戰槍
Infernal Warlance+	獄界戰槍改
Lightbreak Lance	碎光之噴槍
Alatreon Lance	煌黑之銳槍
Alatreon Gleam	煌黑槍致命
Guild Palace Tower	公會宮殿高塔
Royal Grace Pike	宮廷麗槍【賢星】
Defender Gunlance I	防衛隊改良型銃槍Ⅰ
Defender Gunlance II	防衛隊改良型銃槍Ⅱ
Defender Gunlance III	防衛隊改良型銃槍Ⅲ
Defender Gunlance IV	防衛隊改良型銃槍Ⅳ
Defender Gunlance V	防衛隊改良型銃槍Ⅴ
Iron Gunlance I	鐵銃槍Ⅰ
Iron Gunlance II	鐵銃槍Ⅱ
Iron Gunlance III	鐵銃槍Ⅲ
Steel Gunlance I	鋼鐵銃槍Ⅰ
Steel Gunlance II	鋼鐵銃槍Ⅱ
Steel Gunlance III	鋼鐵銃槍Ⅲ
Chrome Gunlance I	鉻鋼銃槍Ⅰ
Chrome Gunlance II	鉻鋼銃槍Ⅱ
Chrome Halberd I	鉻鋼鐮槍Ⅰ
Chrome Halberd II	鉻鋼鐮槍Ⅱ
Chrome Halberd III	鉻鋼鐮槍Ⅲ
Blackwing Gunlance I	黑羽銃槍Ⅰ
Blackwing Gunlance II	黑羽銃槍Ⅱ
Nergal Ram	滅盡龍的顫抖
Eradication Flame	燒滅種火
Ruinous Eradication	燒滅種火【禍】
Pulsar Gunlance I	脈衝銃槍Ⅰ
Pulsar Gunlance II	脈衝銃槍Ⅱ
Pulsar Gunlance III	脈衝銃槍Ⅲ
Kadachi Striker	飛雷銃槍鐵飛蛇
Kadachi Striker+	飛雷銃槍鐵飛蛇改
Mythic Kadachi Striker	飛雷銃槍【蜻蜓切】
Mythic Kadachi Striker+	飛雷銃槍【蜻蛉切】‧改
Thundering Striker	萬雷銃槍【蜻蛉切】
Crimson Ember	飛毒銃槍紅火花
Crimson Ember+	飛毒銃槍紅火花‧改
Crimson Hornet	飛毒銃槍【紅火蜂】
Rath Gunlance I	火龍銃槍Ⅰ
Rath Gunlance II	火龍銃槍Ⅱ
Red Rook	紅色城塔
Blue Rook	藍色城塔
Blue Chariot	藍色戰車
Blue Chariot+	藍色戰車‧改
Soul Chariot	元神戰車
Chariot Gun	古戰車銃槍
Princess Panoply	公主銃槍
Princess Panoply+	公主銃槍改
Rose Burst	薔薇銃槍
Royal Burst	皇家銃槍
Royal Burst+	皇家銃槍‧改
Highness's Fury	君王爆破銃槍
Queen's Panoply	女王爆裂銃槍
Madness Gunlance I	泥岩銃槍Ⅰ
Madness Gunlance II	泥岩銃槍Ⅱ
Madness Gunlance III	泥岩銃槍Ⅲ
Jyura Buster I	泥岩龍銃槍Ⅰ
Jyura Buster II	泥岩龍銃槍Ⅱ
Jyura Buster III	泥岩龍銃槍Ⅲ
Jyura Demolisher I	泥岩龍異獸Ⅰ
Jyura Demolisher II	泥岩龍異獸Ⅱ
Twinfang	雙鬥冰牙
Twinfang+	雙鬥冰牙‧改
Ambermarch	琥珀行軍
White Night	白晝之夜
Glacial Gunlance I	優雅銃槍Ⅰ
Glacial Gunlance II	優雅銃槍Ⅱ
Legiana Cannon I	風漂龍加農砲Ⅰ
Legiana Cannon II	風漂龍加農砲Ⅱ
Legiana Cannon III	風漂龍加農砲Ⅲ
Hoarcry Cannon	霜漂加農砲
Hidden Cannon I	隱密加農砲Ⅰ
Hidden Cannon II	隱密加農砲Ⅱ
Bone Gunlance I	骨銃槍Ⅰ
Bone Gunlance II	骨銃槍Ⅱ
Bone Gunlance III	骨銃槍Ⅲ
Bone Cannon I	大骨銃槍Ⅰ
Bone Cannon II	大骨銃槍Ⅱ
Bone Cannon III	大骨銃槍Ⅲ
Great Bone Gunlance I	大骨銃槍【龍尾】Ⅰ
Great Bone Gunlance II	大骨銃槍【龍尾】Ⅱ
"Dragonpike ""Quake"" I"	龍骨銃槍【烈震】Ⅰ
"Dragonpike ""Quake"" II"	龍骨銃槍【烈震】Ⅱ
"Dragonpike ""Quake"" III"	龍骨銃槍【烈震】Ⅲ
Eisritter	嚴冰騎士
Vorpal Icefort	冰砦血仇
Bazel Buster I	爆鱗龍銃槍Ⅰ
Bazel Buster II	爆鱗龍銃槍Ⅱ
Bazelpride	爆鱗龍自尊
Jagras Gunlance I	牙龍銃槍Ⅰ
Jagras Gunlance II	牙龍銃槍Ⅱ
Jagras Gunlance III	牙龍銃槍Ⅲ
Glutton Gunlance I	牙龍銃槍【大喰】Ⅰ
Glutton Gunlance II	牙龍銃槍【大喰】Ⅱ
Glutton Gunlance III	牙龍銃槍【大喰】Ⅲ
Glutton's Fang I	牙龍銃槍【大胃王】Ⅰ
Glutton's Fang II	牙龍銃槍【大胃王】Ⅱ
Tiger Blast	轟龍爆破銃槍
Tiger Blast+	轟龍爆破銃槍‧改
Tigrex Gunlance	轟銃槍【虎砲】
Accursed Blast	劫難爆破銃槍
Flamebite	吼銃槍【焰咬】
Girros Gunlance I	牙龍銃槍【黃牙】Ⅰ
Girros Gunlance II	牙龍銃槍【黃牙】Ⅱ
Deathfang Gunlance I	牙龍銃槍【黑頭巾】Ⅰ
Deathfang Gunlance II	牙龍銃槍【黑頭巾】Ⅱ
Deathfang Gunlance III	牙龍銃槍【黑頭巾】Ⅲ
Nightveil Gunlance I	痺賊銃槍【闇頭巾】Ⅰ
Nightveil Gunlance II	痺賊銃槍【闇頭巾】Ⅱ
Glavenus Buster I	斬龍破壞砲Ⅰ
Glavenus Buster II	斬龍破壞砲Ⅱ
Hazak Spysa I	屍套龍火槍Ⅰ
Hazak Spysa II	屍套龍火槍Ⅱ
Deathlance Vaal Spysa	死滅煙火屍銃槍
Acid Buster I	罪罰銃槍Ⅰ
Acid Buster II	罪罰銃槍Ⅱ
Carapace Cannon I	土砂龍銃槍Ⅰ
Carapace Cannon II	土砂龍銃槍Ⅱ
Carapace Cannon III	土砂龍衝槍Ⅲ
Barroth Blaster I	土砂龍破壞砲Ⅰ
Barroth Blaster II	土砂龍破壞砲Ⅱ
Barroth Blaster III	土砂龍破壞砲Ⅲ
Barroth Bluff I	土砂龍斷崖Ⅰ
Barroth Bluff II	土砂龍斷崖Ⅱ
Brachydios Buster I	碎龍破壞砲Ⅰ
Brachydios Buster II	碎龍破壞砲Ⅱ
Mammoth Gunlance I	巨牛大銃槍Ⅰ
Mammoth Gunlance II	巨牛大銃槍Ⅱ
Usurper's Roar	王銃槍豪雷
Usurper's Roar+	王銃槍豪雷‧改
Despot's Phlogiston	王牙銃槍【火雷】
Blazing Gunlance I	火焰銃槍Ⅰ
Blazing Gunlance II	火焰銃槍Ⅱ
Anja Cannon I	蠻顎龍加農砲Ⅰ
Anja Cannon II	蠻顎龍加農砲Ⅱ
Anja Cannon III	蠻顎龍加農砲Ⅲ
Anjanath Flamelance I	蠻顎龍之炎銃槍Ⅰ
Anjanath Flamelance II	蠻顎龍之炎銃槍Ⅱ
Ending Fulgur I	騰躍雷顎Ⅰ
Ending Fulgur II	騰躍雷顎Ⅱ
Dragonbone Gunlance I	龍骨銃槍Ⅰ
Dragonbone Gunlance II	龍骨銃槍Ⅱ
Dragonbone Gunlance III	龍骨銃槍Ⅲ
Dragonseal Gunlance I	封龍銃槍Ⅰ
Dragonseal Gunlance II	封龍銃槍Ⅱ
Broken Silence	金剛寶塔－寂滅－
Magda Lahat	熔山龍銃槍
Earthshaker Magda Lahat	驚天動地熔山龍銃槍
Magda Lahat Reforged	真‧驚天動地熔山龍銃槍
Hydra Ephyra	水螅‧水碟
Black Ephyra	暴君‧水碟
Blacksteel Gunlance I	黑鋼銃槍Ⅰ
Blacksteel Gunlance II	黑鋼銃槍Ⅱ
Icesteel Gunlance	鋼冰銃槍
Daora's Brigia	鋼龍爪銃槍
Daora's Tempest	鋼龍暴風雨
Xeno Hemta	冥燈龍銃槍
Ravenous Gunlance	愚欲的銃槍
Insatiable Gunlance	暴銃槍格拉古利德
Consummate Gunlance	業銃槍暴食
Empress Howl	皇后牙杖
"Empress Howl ""Blaze"""	皇后牙杖‧炎妃
"Soulfire Talon ""Blaze"""	魂焰銃槍‧炎妃
"Empress Howl ""Ruin"""	皇后牙杖‧滅盡
"Soulfire Talon ""Ruin"""	魂焰銃槍‧滅盡
"Empress Howl ""Styx"""	皇后牙杖‧冥燈
"Soulfire Talon ""Styx"""	魂焰銃槍‧冥燈
Demon Gunlance	鬼銃槍
Great Demon Gunlance	雷鬼銃槍德拉岡
Demonlord Gunlance	鬼神銃槍猛獅
Brimstren Drakeblood	獄銃槍龍血
Stygian Avaritia	狼牙銃槍【貪獄】
Lightbreak Gunlance	碎光之銃槍
Alatreon Gunlance	煌黑破銃槍
Alatreon Melt	煌黑銃槍之滅
Gajalaka Firestabber	奇面族的突火槍
Gajalaka Firepike	奇面手筒【火祭】
Guild Palace Order	公會宮殿守序者
Royal Guard Striker	宮廷銃槍【護星】
Defender Switch Axe I	防衛隊變形式劍斧Ⅰ
Defender Switch Axe II	防衛隊變形式劍斧Ⅱ
Defender Switch Axe III	防衛隊變形式劍斧Ⅲ
Defender Switch Axe IV	防衛隊變形式劍斧Ⅳ
Defender Switch Axe V	防衛隊變形式劍斧Ⅴ
Proto Iron Axe I	鐵製試作劍斧Ⅰ
Proto Iron Axe II	鐵製試做劍斧Ⅱ
Proto Iron Axe III	鐵製試做劍斧Ⅲ
Improved Steel Axe I	鋼鐵製改良劍斧Ⅰ
Improved Steel Axe II	鋼鐵製改良劍斧Ⅱ
Improved Steel Axe III	鋼鐵製改良劍斧Ⅲ
Perfected Alloy Axe I	合金製完成劍斧Ⅰ
Perfected Alloy Axe II	合金製完成劍斧Ⅱ
Chrome Machina I	鉻鋼救星Ⅰ
Chrome Machina II	鉻鋼救星Ⅱ
Chrome Machina III	鉻鋼救星Ⅲ
Blackwing Switch Axe I	黑羽劍斧Ⅰ
Blackwing Switch Axe II	黑羽劍斧Ⅱ
Nergal Gash	滅盡龍斬斧
Dying Light	斷滅的一閃
Ruinous Light	斷滅的一閃【破】
Glacial Axe I	優雅戰斧Ⅰ
Glacial Axe II	優雅戰斧Ⅱ
Frostreaver	凶靈之柱
Legia Frostreaver	亡靈之柱
Legia Frostreaver+	冰凌亡靈‧改
Hoarcry Frostreaver	霜漂亡靈
Hector Glacia	勇士冰川
Thunder Axe I	閃電斧Ⅰ
Thunder Axe II	閃電斧Ⅱ
Lightning Chopper I	雷光迅斧Ⅰ
Lightning Chopper II	雷光迅斧Ⅱ
Lightning Chopper III	雷光迅斧Ⅲ
Lightning Chopper IV	雷光迅斧Ⅳ
Thundercleave I	迅雷劍斧Ⅰ
Thundercleave II	迅雷劍斧Ⅱ
Hidden Axe	隱密戰斧
Hidden Axe+	隱密戰斧‧改
Night's Crescent	闇夜斬擊斧【弦月】
Datura Garden I	曼陀羅花園Ⅰ
Datura Garden II	曼陀羅花園Ⅱ
Deep Lagoon I	涌湍礁湖Ⅰ
Deep Lagoon II	涌湍礁湖Ⅱ
Motor Chopper I	動力迅斧Ⅰ
Motor Chopper II	動力迅斧Ⅱ
Gigan Motor I	重機巨動力Ⅰ
Gigan Motor II	重機巨動力Ⅱ
Rex Raider I	轟龍掠奪者Ⅰ
Rex Raider II	轟龍掠奪者Ⅱ
Accursed Raider	劫難掠奪者
Jagras Axe I	凶豺龍劍斧Ⅰ
Jagras Axe II	凶豺龍劍斧Ⅱ
Jagras Axe III	凶豺龍劍斧Ⅲ
Jagras Raider I	凶豺龍掠奪者Ⅰ
Jagras Raider II	凶豺龍掠奪者Ⅱ
Jagras Raider III	凶豺龍掠奪者Ⅲ
Saber's Bite I	牙龍劍斧【噬裂】Ⅰ
Saber's Bite II	牙龍劍斧【噬裂】Ⅱ
Amber Slash	琥珀碎斷
Amber Slash+	琥珀碎斷‧改
Amber Hoarfrost	冰霜琥珀
Moonstone Hoarfrost	冰霜奧拉烈
Bazel Raider I	爆鱗龍劍斧Ⅰ
Bazel Raider II	爆鱗龍劍斧Ⅱ
Bazelheart	爆鱗龍心
Rathalos Axe I	火龍劍斧Ⅰ
Rathalos Axe II	火龍劍斧Ⅱ
Rathbringer Axe I	火龍斧飛龍牙Ⅰ
Rathbringer Axe II	火龍斧飛龍牙Ⅱ
Rathbringer Axe III	火龍斧飛龍牙Ⅲ
Azure Rathbringer	藍牙蒼炎斧
Silver Rathbringer	銀牙煌龍斧
Dragonmaiden Axe	龍姬的劍斧
Dragonmaiden Axe+	龍姬的劍斧‧改
Golden Crescent	煌戰之金劍斧
Bone Axe I	骨製劍斧Ⅰ
Bone Axe II	骨製劍斧Ⅱ
Bone Axe III	骨製劍斧Ⅲ
Bone Smasher I	骨製斬斧Ⅰ
Bone Smasher II	骨製斬斧Ⅱ
Bone Smasher III	骨製斬斧Ⅲ
Power Smasher I	重擊斬斧Ⅰ
Power Smasher II	重擊斬斧Ⅱ
Mighty Gear I	威武獠牙Ⅰ
Mighty Gear II	威武獠牙Ⅱ
Mighty Gear III	威武獠牙Ⅲ
Icerood	嚴冰獷野
Wicked Niddoq	冰魔揚軍
Hazak Demios I	屍套龍劍斧Ⅰ
Hazak Demios II	屍套龍劍斧Ⅱ
Deathedge Vaal Demios	死滅處刑者屍劍斧
Acid Smasher I	罪罰斬斧Ⅰ
Acid Smasher II	罪罰斬斧Ⅱ
Madness Axe I	泥岩戰斧Ⅰ
Madness Axe II	泥岩戰斧Ⅱ
Madness Axe III	泥岩戰斧Ⅲ
Jyura Drought I	泥岩龍劍斧Ⅰ
Jyura Drought II	泥岩龍劍斧Ⅱ
Jyura Drought III	泥岩龍劍斧Ⅲ
Jyura Cataclysm I	泥岩龍腐海Ⅰ
Jyura Cataclysm II	泥岩龍腐海Ⅱ
Mammoth Halberd I	巨牛大劍斧Ⅰ
Mammoth Halberd II	巨牛大劍斧Ⅱ
Lumu Axe I	浮空龍大斧Ⅰ
Lumu Axe II	浮空龍大斧Ⅱ
Lumu Smasher I	浮空龍斬斧Ⅰ
Lumu Smasher II	浮空龍斬斧Ⅱ
Lumu Smasher III	浮空龍斬斧Ⅲ
Mechanical Lumu I	獰悍浮空龍Ⅰ
Mechanical Lumu II	獰悍浮空龍Ⅱ
Nyx Smasher I	夜神斬斧Ⅰ
Nyx Smasher II	夜神斬斧Ⅱ
Glavenus Smasher I	斬龍斬斧Ⅰ
Glavenus Smasher II	斬龍斬斧Ⅱ
Carapace Axe I	土砂龍斧Ⅰ
Carapace Axe II	土砂龍斧Ⅱ
Carapace Axe III	土砂龍斧Ⅲ
Barroth Grinder I	土砂龍劍斧Ⅰ
Barroth Grinder II	土砂龍劍斧Ⅱ
Barroth Grinder III	土砂龍劍斧Ⅲ
Barroth Dozer I	土砂龍掘削Ⅰ
Barroth Dozer II	土砂龍掘削Ⅱ
Dios Smasher I	碎龍斬斧Ⅰ
Dios Smasher II	碎龍斬斧Ⅱ
Diablos Axe I	爆鎚戰斧Ⅰ
Diablos Axe II	爆鎚戰斧Ⅱ
Axe Semper Tyrannis	暴君斧
Axe of Thanatos	命運劍斧
Axe of Demons	惡靈
Axe of Demons+	惡靈‧改
Axe of Hades	冥王
Flammenbeil	蠻顎龍斬斧
Flammenbeil+	蠻顎龍斬斧改
Gnashing Flammenbeil	蠻顎劍斧
Gnashing Flammenbeil+	蠻顎劍斧‧改
Lohenbeil	破軍蠻炎劍斧
Donnerbeil	破軍雷顎劍斧
Donnerbeil+	破軍雷顎劍斧‧改
Fulguration's Bite	破軍蠻雷劍斧
Dragonbone Slicer I	龍骨劍斧Ⅰ
Dragonbone Slicer II	龍骨劍斧Ⅱ
Dragonbone Slicer III	龍骨劍斧Ⅲ
Dragonseal Axe I	封龍劍斧Ⅰ
Dragonseal Axe II	封龍劍斧Ⅱ
Evanescent Glow	諸行無常－燈籠－
Peal	雷斧
Peal+	雷斧改
Kirin Thunderpeal	斷雷斧麒麟
Archbeast Kirin	雷公寶斧【麒麟】
Hydra Strobila	水螅‧橫裂
Black Strobila	暴君‧橫裂
Blacksteel Switch Axe I	黑鋼劍斧Ⅰ
Blacksteel Switch Axe II	黑鋼劍斧Ⅱ
Teostra's Arx	炎王劍斧
Teostra's Castle	炎王城塞
Teostra's Hellebarde	炎王朱炎寶座
Xeno Martshu	冥燈龍劍斧
Tyrannos	暴君
Terror Tyrannos	恐怖暴君
Saligia Vileaxe	業斧暴食強慾
Empress Axe	皇后斧
"Empress Axe ""Blaze"""	皇后斧‧炎妃
"Soulfire Scourge ""Blaze"""	魂焰劍斧‧炎妃
"Empress Axe ""Ruin"""	皇后斧‧滅盡
"Soulfire Scourge ""Ruin"""	魂焰劍斧‧滅盡
"Empress Axe ""Styx"""	皇后斧‧冥燈
"Soulfire Scourge ""Styx"""	魂焰劍斧‧冥燈
Undying Axe	金剛角斧
Undying Light	金剛角斧雷鳴
Demonlord Edge	鬼神角斧【雷火豐】
Infernal Cleave-axe	獄界斬裂斧
Infernal Cleave-axe+	獄界斬裂斧改
Lightbreak Axe	碎光之劍斧
Dark Switch Axe	黑之劍斧
Black Harvest	漆黑收穫
Guild Palace Cleaver	公會宮殿劍斧
Royal Titan Axe	宮廷衛劍斧【巨星】
Defender Shield I	防衛隊合體式盾斧Ⅰ
Defender Shield II	防衛隊合體式盾斧Ⅱ
Defender Shield III	防衛隊合體式盾斧Ⅲ
Defender Shield IV	防衛隊合體式盾斧Ⅳ
Defender Shield V	防衛隊合體式盾斧Ⅴ
Proto Commission Axe I	調查團試作盾斧Ⅰ
Proto Commission Axe II	調查團試作盾斧Ⅱ
Proto Commission Axe III	調查團試作盾斧Ⅲ
Elite Commission Axe I	精銳調查團盾斧Ⅰ
Elite Commission Axe II	精銳調查團盾斧Ⅱ
Elite Commission Axe III	精銳調查團盾斧Ⅲ
Chrome Guardian I	鉻鐵守護者Ⅰ
Chrome Guardian II	鉻鐵守護者Ⅱ
Chrome Fortress I	鉻鋼堡壘Ⅰ
Chrome Fortress II	鉻鋼堡壘Ⅱ
Chrome Fortress III	鉻鋼堡壘Ⅲ
Usurper's Lightning	王盾斧雷紋
Usurper's Lightning+	王盾斧雷紋‧改
Despot's Thundergale	王牙盾斧【風雷】
Nergal Lacerator	滅盡龍的揮擊
Devastation's Thorns	壞滅一束
Ruinous Devastation	壞滅一束【裂】
Rathsblade I	火龍盾斧Ⅰ
Rathsblade II	火龍盾斧Ⅱ
Axelion Blade	炎斧蛇王
Halberion Blade	焰斧鶴王
Halberion Blade+	焰斧鶴王‧改
Azure Soulbrand	魂魄斬蒼炎斧
Hellsire Blade	業火斧獄雷
Mudslide Blade I	泥流盾斧Ⅰ
Mudslide Blade II	泥流盾斧Ⅱ
Mudslide Blade III	泥流盾斧Ⅲ
Jyura Depth I	深沉泥岩Ⅰ
Jyura Depth II	深沉泥岩Ⅱ
Jyura Depth III	深沉泥岩Ⅲ
Deep Terroir I	深沉風土Ⅰ
Deep Terroir II	深沉風土Ⅱ
Hidden Guardian I	隱密守護者Ⅰ
Hidden Guardian II	隱密守護者Ⅱ
Deep Schnegel I	深沉霜雪Ⅰ
Deep Schnegel II	深沉霜雪Ⅱ
Everfrost Blade I	冰結盾斧Ⅰ
Everfrost Blade II	冰結盾斧Ⅱ
Gigafrost I	寒霜巨人Ⅰ
Gigafrost II	寒霜巨人Ⅱ
Gigafrost III	寒霜巨人Ⅲ
Weissritter	純白騎士
Weissritter+	純白騎士‧改
Elder Wolf Fang	悍怒之狼
Raging Wolf Fang	憤怒之狼
Dear Lutemis	焰火盾斧
Dear Lutemia	雌火盾斧
Dear Hecatel	櫻火盾斧
Dear Hecatelia	火鎧盾斧
Dear Rose	豔炎盾斧
Dear Rosetta	豔者盾斧
Luna Eostre	月神金盾
Bone Strongarm I	骨製兵裝Ⅰ
Bone Strongarm II	骨製兵裝Ⅱ
Bone Strongarm III	骨製兵裝Ⅲ
Hard Bone Strongarm I	硬骨兵裝Ⅰ
Hard Bone Strongarm II	硬骨兵裝Ⅱ
Hard Bone Strongarm III	硬骨兵裝Ⅲ
Mighty Strongarm I	強骨兵裝Ⅰ
Mighty Strongarm II	強骨兵裝Ⅱ
Wild Force I	狂野武力Ⅰ
Wild Force II	狂野武力Ⅱ
Wild Force III	狂野武力Ⅲ
Ice Guardian	嚴冰守護者
Regal Daruq	冰臣壁壘
Diablos Wall I	爆鎚盾牆Ⅰ
Diablos Wall II	爆鎚盾牆Ⅱ
Diablos Tyrannis I	暴君銅盾Ⅰ
Diablos Tyrannis II	暴君銅盾Ⅱ
Diablos Tyrannis III	暴君銅盾Ⅲ
Thanatos Force	命運武力
Sulfurteinn Machmar	硫鐵感應
The Melting Grasp	窟壘硫斬合刃
Jagras Strongarm I	凶豺龍兵裝Ⅰ
Jagras Strongarm II	凶豺龍兵裝Ⅱ
Jagras Strongarm III	凶豺龍兵裝Ⅲ
Jagras Escudo I	凶豺龍盾斧Ⅰ
Jagras Escudo II	凶豺龍盾斧Ⅱ
Jagras Escudo III	凶豺龍盾斧Ⅲ
Saber's Maw I	牙龍盾斧【荒噬】Ⅰ
Saber's Maw II	牙龍盾斧【荒噬】Ⅱ
Scorching Demander	灼炎之索求者
Scorching Demander+	灼炎之索求者‧改
Glavenus Bardred	斬龍合刃熾火
Gama Silt I	岩賊龍盾Ⅰ
Gama Silt II	岩賊龍盾Ⅱ
Gama Escudo I	岩賊龍盾斧Ⅰ
Gama Escudo II	岩賊龍盾斧Ⅱ
Rex Arms I	轟龍兵裝Ⅰ
Rex Arms II	轟龍兵裝Ⅱ
Accursed Arms	劫難兵裝
Girros Strongarm I	凶顎龍兵裝Ⅰ
Girros Strongarm II	凶顎龍兵裝Ⅱ
Girros Nadja I	凶顎龍盾斧Ⅰ
Girros Nadja II	凶顎龍盾斧Ⅱ
Girros Nadja III	凶顎龍盾斧Ⅲ
Naaga Ghadab I	蛇神震怒Ⅰ
Naaga Ghadab II	蛇神震怒Ⅱ
Dios Strongarm	碎龍兵裝
Volatile Blade	爆盾斧地堡之震
Hazak Aspida I	屍套龍盾斧Ⅰ
Hazak Aspida II	屍套龍盾斧Ⅱ
Deathaxe Vaal Aspida	死滅障屍盾斧
Hydros Kardia	水蛇悠遠
Pulsar Strongarm I	脈衝兵裝Ⅰ
Pulsar Strongarm II	脈衝兵裝Ⅱ
Pulsar Strongarm III	脈衝兵裝Ⅲ
Kadachi Kaina I	飛雷龍之腕Ⅰ
Kadachi Kaina II	飛雷龍之腕Ⅱ
Kadachi Kaina III	飛雷龍之腕Ⅲ
Kadachi Soul I	飛雷龍御靈Ⅰ
Kadachi Soul II	飛雷龍御靈Ⅱ
Viper's Venom I	朱赤毒之腕Ⅰ
Viper's Venom II	朱赤毒之腕Ⅱ
Garon Strongarm I	慘爪兵裝 Ⅰ
Garon Strongarm II	慘爪兵裝 Ⅱ
Hate's Undying Flame	憎恨的火炎
Odium	憎【忿恨】
Odium+	憎【忿恨】‧改
Animus	憎惡【精神】
Nether Candle	冥府之炎
Grudge	死怨【厭恨】
Dragonbone Cutter I	龍骨盾斧Ⅰ
Dragonbone Cutter II	龍骨盾斧Ⅱ
Dragonbone Cutter III	龍骨盾斧Ⅲ
Dragonseal Blade I	封龍盾斧Ⅰ
Dragonseal Blade II	封龍盾斧Ⅱ
Inescapable Karma	業力不滅－閻王－
Magda Manus	熔山龍盾斧
Avenging Magda Manus	捲土重來熔山龍盾斧
Magda Manus Reforged	真‧捲土重來熔山龍盾斧
Blacksteel Charger I	黑鋼盾斧Ⅰ
Blacksteel Charger II	黑鋼盾斧Ⅱ
Daora's Casca	鋼龍冰盾
Daora's Thwartoise	鋼龍幻夢
Daora's Worldbearer	鋼龍白日夢
Xeno Ra'atz	冥燈龍盾斧
Tyrant's Charge Blade	暴虐的盾斧
Oppressor's Charge Blade	德斯特涅塔
Fate's Curtain	業盾赤婪
Dante's Devil Sword	但丁的魔劍
Dante's Devil Sword+	但丁的魔劍‧改
Empress Alma	皇后武器
"Empress Alma ""Blaze"""	皇后武器‧炎妃
"Soulfire Brand ""Blaze"""	魂焰盾斧‧炎妃
"Empress Alma ""Ruin"""	皇后武器‧滅盡
"Soulfire Brand ""Ruin"""	魂焰盾斧‧滅盡
"Empress Alma ""Styx"""	皇后武器‧冥燈
"Soulfire Brand ""Styx"""	魂焰盾斧‧冥燈
Rajang Beastblade	金剛盾斧
Rajang Beastblade Ikazuchi	金剛盾斧雷霆
Demonlord Blade	鬼神充能斧【夜叉】
Brimstren Drakeclaw	獄盾斧龍拳
Stygian Maledicta	狼牙盾斧【呪獄】
Lightbreak Charge Blade	碎光之盾斧
Alatreon Edge	煌黑之盾斧
Alatreon Morphblade	煌黑漆黑盾斧
Guild Palace Disc	公會宮殿碟斧
Royal Star Shield	宮廷鏡盾【機星】
Defender Glaive I	防衛隊兩刃型操蟲棍Ⅰ
Defender Glaive II	防衛隊兩刃型操蟲棍Ⅱ
Defender Glaive III	防衛隊兩刃型操蟲棍Ⅲ
Defender Glaive IV	防衛隊兩刃型操蟲棍Ⅳ
Defender Glaive V	防衛隊兩刃型操蟲棍Ⅴ
Iron Blade I	鐵製長刀Ⅰ
Iron Blade II	鐵製長刀Ⅱ
Iron Blade III	鐵製長刀Ⅲ
Steel Blade I	鋼鐵長刀Ⅰ
Steel Blade II	鋼鐵長刀Ⅱ
Steel Blade III	鋼鐵長刀Ⅲ
Chrome Blade I	鉻鋼長刀Ⅰ
Chrome Blade II	鉻鋼長刀Ⅱ
Chrome Trident I	鉻鋼三叉Ⅰ
Chrome Trident II	鉻鋼三叉Ⅱ
Chrome Trident III	鉻鋼三叉Ⅲ
Royal Bolt Scepter	王棍雷電
Royal Bolt Scepter+	王棍雷電‧改
Despot's Twinbolt	王牙棍【別雷】
Nergal Reaper	滅盡龍的沉靜
Catastrophe's Light	撲滅導燈
Ruinous Catastrophe	撲滅導燈【闇】
Flame Glaive I	火焰長刀Ⅰ
Flame Glaive II	火焰長刀Ⅱ
Rathmaul	火龍棍
Firedance Rathmaul	火龍棍【炎舞】
Firedance Rathmaul+	火龍棍【炎舞】‧改
Azure Flightmaster	蒼炎棍【飛翔】
Blossomajesty	繚亂輝龍棍
Kulu Blade I	搔鳥長刀Ⅰ
Kulu Blade II	搔鳥長刀Ⅱ
Kulu Blade III	搔鳥長刀Ⅲ
Ya-Ku Wrath I	星空長刀Ⅰ
Ya-Ku Wrath II	星空長刀Ⅱ
Ya-Ku Wrath III	星空長刀Ⅲ
Yatir al-Nasr I	巢穴飛躍Ⅰ
Yatir al-Nasr II	巢穴飛躍Ⅱ
Dios Rod	碎龍長棍
Electrorod	爆棍一柱擎天
Luminous Blade I	閃耀長刀Ⅰ
Luminous Blade II	閃耀長刀Ⅱ
Destroyer Bo I	利刃長刀Ⅰ
Destroyer Bo II	利刃長刀Ⅱ
Destroyer Bo III	利刃長刀Ⅲ
Diving Destroyer I	下潛長刀Ⅰ
Diving Destroyer II	下潛長刀Ⅱ
Hidden Cane I	隱密長鞭Ⅰ
Hidden Cane II	隱密長鞭Ⅱ
Frost Blade I	冰霜長刀Ⅰ
Frost Blade II	冰霜長刀Ⅱ
Freeze Gale I	凍寒疾風刀Ⅰ
Freeze Gale II	凍寒疾風刀Ⅱ
Freeze Gale III	凍寒疾風刀Ⅲ
Amber Piton	琥珀曲棍
Amber Piton+	琥珀曲棍‧改
Fenrir Storm	巨狼暴風雨
Fenrir Rose	巨狼霜凍
Blooming Glaive I	花朵之刀Ⅰ
Blooming Glaive II	花朵之刀Ⅱ
Blooming Glaive III	花朵之刀Ⅲ
Datura Blade I	曼陀羅長刀Ⅰ
Datura Blade II	曼陀羅長刀Ⅱ
Datura Blade III	曼陀羅長刀Ⅲ
Datura Storm I	曼陀羅暴風雨Ⅰ
Datura Storm II	曼陀羅暴風雨Ⅱ
Nyx Blade I	夜神長刀Ⅰ
Nyx Blade II	夜神長刀Ⅱ
Gama Cane I	岩賊龍長鞭Ⅰ
Gama Cane II	岩賊龍長鞭Ⅱ
Gama Magus I	岩賊龍巫師Ⅰ
Gama Magus II	岩賊龍巫師Ⅱ
Flaming Teuza	灼炎之奔流
Flaming Teuza+	灼炎之奔流‧改
Glavenus Helldait	斬龍旋獄棍
Bone Rod I	骨棍Ⅰ
Bone Rod II	骨棍Ⅱ
Bone Rod III	骨棍Ⅲ
Hard Bone Rod I	硬骨棍Ⅰ
Hard Bone Rod II	硬骨棍Ⅱ
Hard Bone Rod III	硬骨棍Ⅲ
Aerial Rod I	飛空棍Ⅰ
Aerial Rod II	飛空棍Ⅱ
Aerial Magus I	飛空巫師Ⅰ
Aerial Magus II	飛空巫師Ⅱ
Aerial Magus III	飛空巫師Ⅲ
Icescepter	嚴冰權杖
Wise Fylos	冰賢友愛
Hazak Entoma I	屍套龍操蟲棍Ⅰ
Hazak Entoma II	屍套龍操蟲棍Ⅱ
Deathstaff Vaal Entoma	死滅蟲屍杖
Hydros Arcana	水蛇奧秘
Flammenkaefer	蠻顎龍桿刀
Flammenkaefer+	蠻顎龍桿刀改
Gnashing Flammenkaefer	蠻顎棍翼龍桿刀
Gnashing Flammenkaefer+	蠻顎棍翼龍桿刀‧改
Lohenspire	直桿蠻炎棍
Donnerspitze	直桿雷顎棍
Donnerspitze+	直桿雷顎棍‧改
Fulguration's Tower	直桿蠻雷棍
Aqua Rod I	水流棍Ⅰ
Aqua Rod II	水流棍Ⅱ
Aqua Rod III	水流棍Ⅲ
Water Glaive I	激流長刀Ⅰ
Water Glaive II	激流長刀Ⅱ
Water Glaive III	激流長刀Ⅲ
Water Glaive IV	激流長刀Ⅳ
Laguna Glaive I	潟湖長刀Ⅰ
Laguna Glaive II	潟湖長刀Ⅱ
Rex Rod I	轟龍長棍Ⅰ
Rex Rod II	轟龍長棍Ⅱ
Accursed Rod	劫難長棍
Diablos Rod I	爆鎚棍Ⅰ
Diablos Rod II	爆鎚棍Ⅱ
Tyrannis Glaive I	暴君長刀Ⅰ
Tyrannis Glaive II	暴君長刀Ⅱ
Tyrannis Glaive III	暴君長刀Ⅲ
Thanatos Glaive	命運長刀
Sulfurteinn Spiran	硫鐵環連
The Trickling Spiral	穴地硫斬旋
Beo Glaive I	冰魚龍長柄刀Ⅰ
Beo Glaive II	冰魚龍長柄刀Ⅱ
Pulsar Rod I	脈衝長棍Ⅰ
Pulsar Rod II	脈衝長棍Ⅱ
Pulsar Rod III	脈衝長棍Ⅲ
Kadachi Pillar I	飛雷龍之柱Ⅰ
Kadachi Pillar II	飛雷龍之柱Ⅱ
Kadachi Pillar III	飛雷龍之柱Ⅲ
Kadachi Fury I	飛雷龍之錨Ⅰ
Kadachi Fury II	飛雷龍之錨Ⅱ
Kadachi Vipertail I	朱赤痺之柱Ⅰ
Kadachi Vipertail II	朱赤痺之柱Ⅱ
Garon Rod I	慘爪長棍Ⅰ
Garon Rod II	慘爪長棍Ⅱ
Temptation's Trident	魅惑三鈷杵
Vice	惡【VICE】
Vice+	惡【VICE】‧改
Cruelty	凶惡【殘虐】
Nether Vajra	冥府三鈷杵
Deadline	死線【亡期】
Dragonbone Glaive I	龍骨棍Ⅰ
Dragonbone Glaive II	龍骨棍Ⅱ
Dragonbone Glaive III	龍骨棍Ⅲ
Dragonseal Aldstaff I	封龍古杖Ⅰ
Dragonseal Aldstaff II	封龍古杖Ⅱ
Infinite Wisdom	三世十方－智慧－
Indigo Flash	深藍電光
Azure Bolt	蒼藍電魂
Verdant Levin	碧綠神鳴
Celestial Spire	天之幻雷
Blacksteel Glaive I	黑鋼長刀Ⅰ
Blacksteel Glaive II	黑鋼長刀Ⅱ
Daora's Entom	靈魂鋼龍棍
Daora's Tethidine	冰體鋼龍棍
Daora's Samudra	鏽冰鋼龍棍
Xeno Shmaena	冥燈龍長刀
Bad Wing	邪惡之翼
Grunge Storm	污穢暴風雨
Fate's Wing	業翼躁狂
Gae Bolg	穿心槍蓋博爾格
True Gae Bolg	穿心槍蓋博爾格‧真
Nexus Gae Bolg	穿心槍蓋博爾格‧極
Empress Cane	皇后長鞭
"Empress Cane ""Blaze"""	皇后長鞭‧炎妃
"Soulfire Reach ""Blaze"""	魂焰龍戟‧炎妃
"Empress Cane ""Ruin"""	皇后長鞭‧滅盡
"Soulfire Reach ""Ruin"""	魂焰龍戟‧滅盡
"Empress Cane ""Styx"""	皇后長鞭‧冥燈
"Soulfire Reach ""Styx"""	魂焰龍戟‧冥燈
Metal Mauler	金碎棍棒
Metalmangler	金碎棍豪電雷
Demonlord Cudgel	鬼神棍【猿王】
Brimstren Drakerod	獄棍龍鳴
Stygian Oblivia	狼牙棍【亡獄】
Lightbreak Press	碎光之黑曜杵
Alatreon Dragonspire	煌黑之龍棍
Alatreon Embrace	煌黑龍棍殞命
Guild Palace Rod	公會宮殿權杖
Royal March Banner	宮廷旗杖【巡星】
Defender Light Bowgun I	防衛隊連裝式輕弩Ⅰ
Defender Light Bowgun II	防衛隊連裝式輕弩Ⅱ
Defender Light Bowgun III	防衛隊連裝式輕弩Ⅲ
Defender Light Bowgun IV	防衛隊連裝式輕弩Ⅳ
Defender Light Bowgun V	防衛隊連裝式輕弩Ⅴ
Chain Blitz I	迅擊鍊弩Ⅰ
Chain Blitz II	迅擊鍊弩Ⅱ
Chain Blitz III	迅擊鍊弩Ⅲ
High Chain Blitz I	高能迅擊鍊弩Ⅰ
High Chain Blitz II	高能迅擊鍊弩Ⅱ
High Chain Blitz III	高能迅擊鍊弩Ⅲ
Cross Blitz I	鉻鋼迅擊弩Ⅰ
Cross Blitz II	鉻鋼迅擊弩Ⅱ
Crossblitzer I	十字猛擊弩Ⅰ
Crossblitzer II	十字猛擊弩Ⅱ
Crossblitzer III	十字猛擊弩Ⅲ
Blackwing Bowgun I	黑羽弩Ⅰ
Blackwing Bowgun II	黑羽弩Ⅱ
Nergal Spitter	滅盡龍輕弩
Cataclysm's Trigger	毀滅的契機
Ruinous Cataclysm	毀滅的契機【悲】
Lumu Blitz I	浮空龍迅擊弩
Lumu Blitz II	浮空龍迅擊弩Ⅱ
Lumu Typhon I	浮空龍颶風砲Ⅰ
Lumu Typhon II	浮空龍颶風砲Ⅱ
Lumu Typhon III	浮空龍颶風砲Ⅲ
Lumu Typhon IV	浮空龍颶風砲Ⅳ
Nightmare's Seed I	夢魘種子Ⅰ
Nightmare's Seed II	夢魘種子Ⅱ
Glavenus Blitz	斬龍迅擊弩
Acid Blitz I	罪罰迅擊弩Ⅰ
Acid Blitz II	罪罰迅擊弩Ⅱ
Bazel Typhoon I	爆鱗龍颱風砲Ⅰ
Bazel Typhoon II	爆鱗龍颱風砲Ⅱ
Bazelcore	爆鱗龍核心
Jagras Blitz I	凶豺龍迅擊弩Ⅰ
Jagras Blitz II	凶豺龍迅擊弩Ⅱ
Jagras Blitz III	凶豺龍迅擊弩Ⅲ
Jagras Fire I	凶豺龍火砲Ⅰ
Jagras Fire II	凶豺龍火砲Ⅱ
Jagras Fire III	凶豺龍火砲Ⅲ
Saber's Howl I	牙龍弩【風噬】Ⅰ
Saber's Howl II	牙龍弩【風噬】Ⅱ
Rex Fusillade I	轟龍火砲Ⅰ
Rex Fusillade II	轟龍火砲Ⅱ
Accursed Fire	劫難火砲
Flame Blitz I	火焰迅擊弩Ⅰ
Flame Blitz II	火焰迅擊弩Ⅱ
Rathbuster I	火龍破壞砲Ⅰ
Rathbuster II	火龍破壞砲Ⅱ
Rathbuster III	火龍破壞砲Ⅲ
Azure Soulscorcher	魂魄砲蒼炎弩
Argent Ray	銀光煌龍弩
Thunder Blitz I	閃電迅擊弩Ⅰ
Thunder Blitz II	閃電迅擊弩Ⅱ
Lightning Blitz I	雷光迅擊弩Ⅰ
Lightning Blitz II	雷光迅擊弩Ⅱ
Lightning Blitz III	雷光迅擊弩Ⅲ
Lightning Blitz IV	雷光迅擊弩Ⅳ
Usurper's Crime	王弩雷管
Usurper's Crime+	王弩雷管‧改
Despot's Wildfire	王牙弩【野雷】
Snow Blitz I	冰雪迅擊弩Ⅰ
Snow Blitz II	冰雪迅擊弩Ⅱ
Frost Blitz I	寒霜迅擊弩Ⅰ
Frost Blitz II	寒霜迅擊弩Ⅱ
Frost Blitz III	寒霜迅擊弩Ⅲ
Blizzard Cannon	暴風加農
Blizzard Cannon+	暴風加農‧改
Blizzard Volley	暴風雹弩
Blizzard Gust	暴風突擊
Laguna Blitz I	潟湖迅擊弩Ⅰ
Laguna Blitz II	潟湖迅擊弩Ⅱ
Hunter's Rifle I	獵人步槍Ⅰ
Hunter's Rifle II	獵人步槍Ⅱ
Hunter's Rifle III	獵人步槍Ⅲ
Power Rifle I	能量步槍Ⅰ
Power Rifle II	能量步槍Ⅱ
Power Rifle III	能量步槍Ⅲ
Sniper Shot I	狙擊射手Ⅰ
Sniper Shot II	狙擊射手Ⅱ
Breakshot I	破碎發射器Ⅰ
Breakshot II	破碎發射器Ⅱ
Breakshot III	破碎發射器Ⅲ
Icehawk	嚴冰飛鷹
Graceful Almaria	冰姬隼擊
Hazak Ereipia	屍套龍輕弩
Gulgoleth's Wail	髑髏的吶喊
Gulgoleth's Despair	髑髏的絕望
Gulgoleth's Ruin	災厄髑髏
Blazing Rifle I	火焰步槍Ⅰ
Blazing Rifle II	火焰步槍Ⅱ
Anja Buster I	蠻顎龍破壞砲Ⅰ
Anja Buster II	蠻顎龍破壞砲Ⅱ
Anja Buster III	蠻顎龍破壞砲Ⅲ
Anja Buster IV	蠻顎龍破壞砲Ⅳ
Fulgurshot I	晃射雷顎Ⅰ
Fulgurshot II	晃射雷顎Ⅱ
Madness Rifle I	泥岩步槍Ⅰ
Madness Rifle II	泥岩步槍Ⅱ
Madness Rifle III	泥岩步槍Ⅲ
Jyura Bullet I	泥岩龍輕弩Ⅰ
Jyura Bullet II	泥岩龍輕弩Ⅱ
Jyura Bullet III	泥岩龍輕弩Ⅲ
Jyura Bullet IV	泥岩龍輕弩Ⅳ
Beo Shooter I	冰魚龍發射器Ⅰ
Beo Shooter II	冰魚龍發射器Ⅱ
Hidden Bullet I	隱密輕弩Ⅰ
Hidden Bullet II	隱密輕弩Ⅱ
Lava Bullet I	熔岩輕弩Ⅰ
Lava Bullet II	熔岩輕弩Ⅱ
Fireshatter I	火碎銃Ⅰ
Fireshatter II	火碎銃Ⅱ
Mammoth Bowgun I	巨牛大弩Ⅰ
Mammoth Bowgun II	巨牛大弩Ⅱ
Carapace Rifle I	土砂龍步槍Ⅰ
Carapace Rifle II	土砂龍步槍Ⅱ
Carapace Rifle III	土砂龍步槍Ⅲ
Barroth Shot I	土砂龍射手Ⅰ
Barroth Shot II	土砂龍射手Ⅱ
Barroth Shot III	土砂龍射手Ⅲ
Barroth Bazooka I	土砂龍坍崩Ⅰ
Barroth Bazooka II	土砂龍坍崩Ⅱ
Brachydios Shot I	碎龍射手Ⅰ
Brachydios Shot II	碎龍射手Ⅱ
Garon Rifle I	慘爪步槍Ⅰ
Garon Rifle II	慘爪步槍Ⅱ
Fate's Ember	宿命之火
Karma	業【羯磨】
Karma+	業【羯磨】‧改
Nether Salvo	冥府銃火
Ghost	死靈【冤魂】
Dragonbone Bowgun I	龍骨弩Ⅰ
Dragonbone Bowgun II	龍骨弩Ⅱ
Dragonbone Bowgun III	龍骨弩Ⅲ
Dragonseal Bowgun I	封龍弩Ⅰ
Dragonseal Bowgun II	封龍弩Ⅱ
Fading Blossom	盛者必衰－散華－
Onigashima	鬼島
Dai-Onigashima	大鬼島
God's Isle	神島
Mythical Horn	麒麟筒
Mythical Horn+	麒麟筒改
Mythical Three-Horn	麒麟筒【三角】
Mythical Three-Evils	麒麟筒【三界三禍】
Hydra Actinula	水螅‧刺胞
Black Actinula	暴君‧刺胞
Blacksteel Crossbow I	黑鋼弩Ⅰ
Blacksteel Crossbow II	黑鋼弩Ⅱ
Icesteel Wasp	鋼冰蜂弩
Daora's Hornet	鋼龍冰蜂弩
Daora's Yellowjacket	鋼龍冰蜂寒弩
Xeno Neqiina	冥燈龍輕弩槍
Cross Bowgun	十字弩槍
Great Bowgun	巨型十字槍
Neo Cross Bowgun	新‧十字弩槍
Devil's Grin	恐怖機械
Devil's Madness	瘋狂的悲嘆
"Diregun ""Dementia"""	業弩暗黑狂亂
Empress Shell	皇后甲殼
"Empress Shell ""Blaze"""	皇后甲殼‧炎妃
"Soulfire Rasp ""Blaze"""	魂焰龍弩‧炎妃
"Empress Shell ""Ruin"""	皇后甲殼‧滅盡
"Soulfire Rasp ""Ruin"""	魂焰龍弩‧滅盡
"Empress Shell ""Styx"""	皇后甲殼‧冥燈
"Soulfire Rasp ""Styx"""	魂焰龍弩‧冥燈
Rajang Barrage	金獅子弩
Ten Thousand Volts	金獅子筒【萬雷】
Demonlord Cannon	鬼神筒【雷天】
Brimstren Drakekiss	獄弩龍心
Brimstren Drakevow	獄弩龍舌
Lightbreak Gun	碎光之輝弩
Alatreon Razer	煌黑烈弩
Alatreon Dominator	煌黑弩終結者
Guild Palace Bowgun	公會宮殿弩槍
Royal Surefire Shot	宮廷警弩【狙星】
Defender Heavy Bowgun I	防衛隊機關式重弩Ⅰ
Defender Heavy Bowgun II	防衛隊機關式重弩Ⅱ
Defender Heavy Bowgun III	防衛隊機關式重弩Ⅲ
Defender Heavy Bowgun IV	防衛隊機關式重弩Ⅳ
Defender Heavy Bowgun V	防衛隊機關式重弩Ⅴ
Iron Assault I	鐵製突擊弩Ⅰ
Iron Assault II	鐵製突擊弩Ⅱ
Iron Assault III	鐵製突擊弩Ⅲ
Steel Assault I	鋼鐵突擊弩Ⅰ
Steel Assault II	鋼鐵突擊弩Ⅱ
Steel Assault III	鋼鐵突擊弩Ⅲ
Chrome Assault I	鉻鋼突擊弩Ⅰ
Chrome Assault II	鉻鋼突擊弩Ⅱ
Fatal Assault I	致命突擊Ⅰ
Fatal Assault II	致命突擊Ⅱ
Fatal Assault III	致命突擊Ⅲ
Icicle Assault I	冰尖突擊Ⅰ
Icicle Assault II	冰尖突擊Ⅱ
Final Guerilla	蓋烈斯咆哮
Nergal Roar	滅盡龍重弩槍
Destruction's Fusillade	擊滅砲火
Ruinous Destruction	擊滅砲火【戰】
Aqua Assault I	水流突擊弩Ⅰ
Aqua Assault II	水流突擊弩Ⅱ
Aqua Assault III	水流突擊弩Ⅲ
Water Cannon I	激流加農砲Ⅰ
Water Cannon II	激流加農砲Ⅱ
Water Cannon III	激流加農砲Ⅲ
Water Cannon IV	激流加農砲Ⅳ
Nightmare Cannon I	夢魘加農砲Ⅰ
Nightmare Cannon II	夢魘加農砲Ⅱ
Hidden Gambit	隱密狙擊手
Hidden Gambit+	隱密狙擊手‧改
Baleful Night	夜砲【黑風】
Luminous Assault I	閃耀突擊弩Ⅰ
Luminous Assault II	閃耀突擊弩Ⅱ
Arma Destroyer I	長尾重裝弩Ⅰ
Arma Destroyer II	長尾重裝弩Ⅱ
Arma Destroyer III	長尾重裝弩Ⅲ
Deadeye Destroyer I	針鋒重裝弩Ⅰ
Deadeye Destroyer II	針鋒重裝弩Ⅱ
Mightning	王砲雷弩
Mightning+	王砲雷弩‧改
Loyal Thunder	王牙砲【震雷】
Shattercryst	薔薇
Shattercryst+	薔薇改
Legia Shattercryst	冰凌薔薇
Legia Shattercryst+	冰凌薔薇‧改
Hoarcry Shattercryst	霜漂薔薇
Franz Glacia	冷峻冰川
Jagras Assault I	凶豺龍突擊弩Ⅰ
Jagras Assault II	凶豺龍突擊弩Ⅱ
Jagras Assault III	凶豺龍突擊弩Ⅲ
Jagras Cannon I	凶豺龍加農砲Ⅰ
Jagras Cannon II	凶豺龍加農砲Ⅱ
Gluttonous Fangcannon	牙龍重弩槍【暴食】
Gluttonous Fangcannon+	牙龍重弩槍【暴食】‧改
Gluttonous Direcannon	牙龍重弩槍【大暴食】
Tigrex Howl	轟龍咆哮
Tigrex Howl+	轟龍咆哮‧改
Accursed Bellow	劫難嚎叫
Blazing Assault I	火焰突擊弩Ⅰ
Blazing Assault II	火焰突擊弩Ⅱ
Flammenkanone	蠻顎龍火砲
Gnashing Flammenkanone	蠻顎重弩黑火砲
Gnashing Flammenkanone+	蠻顎重弩黑火砲‧改
Donnerkanone	血氣雷顎重弩
Donnerkanone+	血氣雷顎重弩‧改
Fulguration's Roar	血氣蠻雷重弩
Bone Shooter I	骨製發射器Ⅰ
Bone Shooter II	骨製發射器Ⅱ
Bone Shooter III	骨製發射器Ⅲ
Heavy Shooter I	堅骨發射器Ⅰ
Heavy Shooter II	堅骨發射器Ⅱ
Heavy Shooter III	堅骨發射器Ⅲ
Power Shooter I	動能發射器Ⅰ
Power Shooter II	動能發射器Ⅱ
Cartilage Blaster I	茁實爆破炮Ⅰ
Cartilage Blaster II	茁實爆破炮Ⅱ
Cartilage Blaster III	茁實爆破炮Ⅲ
Iceroar	嚴冰奔電
Righteous Varka	冰督光彩
Diablos Shooter I	角龍發射器Ⅰ
Diablos Shooter II	角龍發射器Ⅱ
Dual Threat	決鬥者
Nero's Blazooka	新造重虎槍
Griffon Blazooka	重角轟砲
Griffon Blazooka+	重角轟砲‧改
Hornking Blazooka	角王砲轟魂
Blooming Shooter I	花朵發射器Ⅰ
Blooming Shooter II	花朵發射器Ⅱ
Blooming Shooter III	花朵發射器Ⅲ
Datura Blaster I	曼陀羅爆破炮Ⅰ
Datura Blaster II	曼陀羅爆破砲Ⅱ
Datura Blaster III	曼陀羅爆破砲Ⅲ
Datura Blaster IV	曼陀羅爆破炮Ⅳ
Laguna Blaster I	潟湖爆破炮Ⅰ
Laguna Blaster II	潟湖爆破炮Ⅱ
Spiked Shooter I	尖刺發射器Ⅰ
Spiked Shooter II	尖刺發射器Ⅱ
Baan Roar I	骨鎚龍加農砲Ⅰ
Baan Roar II	骨鎚龍加農砲Ⅱ
Baan Roar III	骨鎚龍加農砲Ⅲ
Baan Bazooka I	骨鎚龍火箭筒Ⅰ
Baan Bazooka II	骨鎚龍火箭筒Ⅱ
Dios Cannon	碎龍加農砲
Atom Cannon	爆砲原子加農
Gama Cannon I	岩賊龍砲Ⅰ
Gama Cannon II	岩賊龍砲Ⅱ
Gama Turret I	岩賊龍大砲【青蛙】Ⅰ
Gama Turret II	岩賊龍大砲【青蛙】Ⅱ
Burning Igna	灼炎之荒蕪砲
Sulfurteinn Gyrad	硫鐵裂解
The Guttering Gasp	蝕洞硫斬砲
Pulsar Shooter I	脈衝射手Ⅰ
Pulsar Shooter II	脈衝射手Ⅱ
Pulsar Shooter III	脈衝射手Ⅲ
Kadachi Lion I	飛雷龍之針Ⅰ
Kadachi Lion II	飛雷龍之針Ⅱ
Kadachi Lion III	飛雷龍之針Ⅲ
Kadachi Lion IV	飛雷龍之針Ⅳ
Crimson Kadachi Lion I	朱赤毒之針Ⅰ
Crimson Kadachi Lion II	朱赤毒之針Ⅱ
Dragonbone Cannon I	龍骨砲Ⅰ
Dragonbone Cannon II	龍骨砲Ⅱ
Dragonbone Cannon III	龍骨砲Ⅲ
Dragonseal Cannon I	封龍砲筒Ⅰ
Dragonseal Cannon II	封龍砲筒Ⅱ
Solemn Reflection	迴光返照－天道－
Quickcaster	迅雷狙擊弩
Quickcaster+	迅雷狙擊弩改
Quickquiver	迅雷閃擊
Shining Quiver	揚升閃擊
Magda Gemitus I	熔山龍重弩槍Ⅰ
Magda Gemitus II	熔山龍重弩槍Ⅱ
Magda Gemitus Vulcan	岩漿嘆息熔山大砲
Hydros Laimos	水蛇崩裂
Blacksteel Cannon I	黑鋼砲筒Ⅰ
Blacksteel Cannon II	黑鋼砲筒Ⅱ
Teostra's Artillery	炎王大砲
Teostra's Flames	炎王灼紅巨砲
Teostra's Firestorm	炎王熾紅巨砲
Xeno Jiiqa	冥燈龍重弩槍
Gluttonous Cannon	暴食的重弩
Dark Devourer	黑暗左右
Endless Famine	業重弩飢荒
Empress Cannon	皇后加農砲
"Empress Cannon ""Blaze"""	皇后加農砲‧炎妃
"Soulfire Roar ""Blaze"""	魂焰龍砲‧炎妃
"Empress Cannon ""Ruin"""	皇后加農砲‧滅盡
"Soulfire Roar ""Ruin"""	魂焰龍砲‧滅盡
"Empress Cannon ""Styx"""	皇后加農砲‧冥燈
"Soulfire Roar ""Styx"""	魂焰龍砲‧冥燈
Rajang Blaster	金獅子砲
Rajang Destroyer	金獅子砲【重雷】
Demonlord Beastbuster	鬼神雷砲【獸神】
Brimstren Drakemouth	獄砲龍甲
Stygian Humilitas	狼牙砲【獸獄】
Lightbreak Cannon	碎光之極砲
Chaos Wing	混沌之翼
Albadash	黑翼弩‧穿心
Guild Palace Rifle	公會宮殿步槍
Royal Light Cortege	宮廷儀仗【輝星】
Defender Powerbow I	防衛隊迎擊用強弓Ⅰ
Defender Powerbow II	防衛隊迎擊用強弓Ⅱ
Defender Powerbow III	防衛隊迎擊用強弓Ⅲ
Defender Powerbow IV	防衛隊迎擊用強弓Ⅳ
Defender Powerbow V	防衛隊迎擊用強弓Ⅴ
Iron Bow I	鐵弓Ⅰ
Iron Bow II	鐵弓Ⅱ
Iron Bow III	鐵弓Ⅲ
Steel Bow I	鋼鐵弓Ⅰ
Steel Bow II	鋼鐵弓Ⅱ
Steel Bow III	鋼鐵弓Ⅲ
Alloy Bow I	合金弓Ⅰ
Alloy Bow II	合金弓Ⅱ
Dragon Perforator I	龍穿弓Ⅰ
Dragon Perforator II	龍穿弓Ⅱ
Dragon Perforator III	龍穿弓Ⅲ
Usurper's Rumble	王弓遠雷
Usurper's Rumble+	王弓遠雷改
Despot's Earlybolt	王牙弓【稚雷】
Nergal Whisper	滅盡龍大弓
Doom's Shaft	必滅一矢
Ruinous Doom	必滅一矢【烈】
Kulu Arrow I	搔鳥弓Ⅰ
Kulu Arrow II	搔鳥弓Ⅱ
Kulu Arrow III	搔鳥弓Ⅲ
Archer's Dance I	星空迅擊弓Ⅰ
Archer's Dance II	星空迅擊弓Ⅱ
Archer's Dance III	星空迅擊弓Ⅲ
Alqaws al-Nasr I	巢穴射手Ⅰ
Alqaws al-Nasr II	巢穴射手Ⅱ
Rex Bow I	轟龍弓Ⅰ
Rex Bow II	轟龍弓Ⅱ
Accursed Arc	劫難弧弓
Dios Flier	碎龍弓
Tsali Flier	爆弓沙皇之箭
Brazencord	爆鎚震弓
Gigacles	重弓巨靈勇士
Gigacles+	重弓巨靈勇士‧改
Gigantomachy	剛重弓巨人核心
Princess Arrow I	公主弓矢Ⅰ
Princess Arrow II	公主弓矢Ⅱ
Princess Arrow III	公主弓矢Ⅲ
Princess Arrow IV	公主弓矢Ⅳ
Rosen Arrow	薔薇弓
Lunatic Arrow	瘋狂弓
Rathslinger I	火龍強弓Ⅰ
Rathslinger II	火龍強弓Ⅱ
Rathslinger III	火龍強弓Ⅲ
Rathslinger IV	火龍強弓Ⅳ
Azure Mightbow	蒼火龍剛弓
Silver Wrathbow	銀火龍烈弓
Aqua Arrow I	水流弓Ⅰ
Aqua Arrow II	水流弓Ⅱ
Aqua Arrow III	水流弓Ⅲ
Water Shot I	激流射手Ⅰ
Water Shot II	激流射手Ⅱ
Water Shot III	激流射手Ⅲ
Water Shot IV	激流射手Ⅳ
Laguna Shot I	潟湖射手Ⅰ
Laguna Shot II	潟湖射手Ⅱ
Icicle Blizzard I	冰尖暴風Ⅰ
Icicle Blizzard II	冰尖暴風Ⅱ
Edelescha	高貴邪神
Hidden Bow	隱密長弓
Hidden Bow+	隱密長弓‧改
Night Flight	闇夜弓【影縫】
Glacial Arrow I	優雅長弓Ⅰ
Glacial Arrow II	優雅長弓Ⅱ
Snowfletcher	銀蕨
Legia Snowfletcher	冰凌銀蕨
Legia Snowfletcher+	冰凌銀蕨‧改
Hoarcry Snowfletcher	霜漂銀蕨
Mist Glacia	迷霧冰川
Hunter's Bow I	獵弓Ⅰ
Hunter's Bow II	獵弓Ⅱ
Hunter's Bow III	獵弓Ⅲ
Hunter's Stoutbow I	能量獵弓Ⅰ
Hunter's Stoutbow II	能量獵弓Ⅱ
Hunter's Stoutbow III	能量獵弓Ⅲ
Hunter's Proudbow I	勇氣獵弓Ⅰ
Hunter's Proudbow II	勇氣獵弓Ⅱ
Hunter's Bravebow I	睿智獵弓Ⅰ
Hunter's Bravebow II	睿智獵弓Ⅱ
Hunter's Bravebow III	睿智獵弓Ⅲ
Iceflinger	嚴冰雷擊
Alluring Evelia	冰妖豔射
Mammoth Greatbow I	巨牛大弓Ⅰ
Mammoth Greatbow II	巨牛大弓Ⅱ
Glavenus Arrow I	斬龍弓Ⅰ
Glavenus Arrow II	斬龍弓Ⅱ
Acidic Arrow I	罪罰弓Ⅰ
Acidic Arrow II	罪罰弓Ⅱ
Hazak Velos I	屍套龍弓Ⅰ
Hazak Velos II	屍套龍弓Ⅱ
Deathbow Vaal Velos	死滅矢屍弓
Hydra Planula	水螅‧浮浪
Black Planula	暴君‧浮浪
Diablos Bow I	爆鎚大弓Ⅰ
Diablos Bow II	爆鎚大弓Ⅱ
Diablos Coilbender	爆鎚角弓
Galebender	疾風角弓
Cera Coilbender	角王弓疾風
Cera Coilbender+	角王弓疾風‧改
Cera Cyclord	剛角王弓狂風
Blooming Arch I	花朵弓Ｉ
Blooming Arch II	花朵弓Ⅱ
Blooming Arch III	花朵弓Ⅲ
Datura String I	曼陀羅弓Ｉ
Datura String II	曼陀羅弓Ⅱ
Datura String III	曼陀羅弓Ⅲ
Datura Squall I	曼陀羅驟雨Ⅰ
Datura Squall II	曼陀羅驟雨Ⅱ
Nightmare String I	夢魘弓Ⅰ
Nightmare String II	夢魘弓Ⅱ
Blazing Bow I	火焰弓Ⅰ
Blazing Bow II	火焰弓Ⅱ
Anja Arch I	蠻顎龍射手Ⅰ
Anja Arch II	蠻顎龍射手Ⅱ
Anja Arch III	蠻顎龍射手Ⅲ
Anjanath Flamebow I	蠻顎龍之火矢Ⅰ
Anjanath Flamebow II	蠻顎龍之火矢Ⅱ
Fulguring Bow I	風色雷顎Ⅰ
Fulguring Bow II	風色雷顎Ⅱ
Pulsar Bow I	脈衝弓Ⅰ
Pulsar Bow II	脈衝弓Ⅱ
Pulsar Bow III	脈衝弓Ⅲ
Kadachi Strikebow	飛雷弓射手大蛇
Flying Kadachi Strikebow	飛雷弓【羽羽矢】
Flying Kadachi Strikebow+	飛雷弓【羽羽矢】‧改
Thundering Strikebow	萬雷弓【羽羽矢】
Fellbow Crimson Hail	飛毒弓朱嵐
Fellbow Crimson Hail+	飛毒弓朱嵐‧改
Fellbow Crimson Storm	飛毒弓【紅時雨】
Dragonbone Bow I	龍骨弓Ⅰ
Dragonbone Bow II	龍骨弓Ⅱ
Dragonbone Bow III	龍骨弓Ⅲ
Dragonseal Aldbow I	封龍古弓Ⅰ
Dragonseal Aldbow II	封龍古弓Ⅱ
Dawning Insight	三界雙樹－光明－
Blacksteel Bow I	黑鋼弓Ⅰ
Blacksteel Bow II	黑鋼弓Ⅱ
Icesteel Bow	鋼冰馬弓
Daora's Sagittarii	鋼龍強弓
Daora's Toxotes	鋼龍射手弓
Xeno Metora	冥燈龍大弓
Cross Hunter's Bow	十字獵弓
Great Hunter's Bow	巨型獵弓
Neo Hunter Bow	新‧獵弓
Insurgent's Bow	暴徒的凶弓
Villainous Brace	惡棍之弓
Fate's Thread	業弓巨人
Empress Arrow	皇后弓
"Empress Arrow ""Blaze"""	皇后弓‧炎妃
"Soulfire Arch ""Blaze"""	魂焰龍弓‧炎妃
"Empress Arrow ""Ruin"""	皇后弓‧滅盡
"Soulfire Arch ""Ruin"""	魂焰龍弓‧滅盡
"Empress Arrow ""Styx"""	皇后弓‧冥燈
"Soulfire Arch ""Styx"""	魂焰龍弓‧冥燈
Beast Thunderbow	雷弓【獸王】
Beastking Thunderbow	雷弓【百獸王】
Archbeast Paragon	雷公弓【大聖】
Brimstren Drakesight	獄弓龍岩
Stygian Patientia	狼牙弓【邪獄】
Lightbreak Bow	碎光之閃箭
Alatreon Bow	煌黑之強弓
Alatreon Commandment	煌黑弓神秘
Guild Palace Arc	公會宮殿弧弓
Royal North Wing	宮廷翼弓【極星】
Gold Water Fellsword	金色的大劍‧水
Gold Ice Fellsword	金色的大劍‧冰
Gold Sleep Fellsword	金色的大劍‧睡眠
Glutton Gold Fellsword	金色的大劍‧賊
Spew Gold Fellsword	金色的大劍‧毒妖
Mud Gold Fellsword	金色的大劍‧土砂
Numb Gold Fellsword	金色的大劍‧痺賊
Tar Gold Fellsword	金色的大劍‧骨鎚
Decay Gold Fellsword	金色的大劍‧屍套
King Gold Fellsword	金色的大劍‧王
Erupter Gold Fellsword	金色的大劍‧熔岩
Magma Gold Fellsword	金色的大劍‧熔山
"Taroth Blaze ""Glutton"""	鎧羅炎‧賊
"Taroth Blaze ""Spew"""	鎧羅炎‧毒妖
"Taroth Blaze ""Mud"""	鎧羅炎‧土砂
"Taroth Blaze ""Numb"""	鎧羅炎‧痺賊
"Taroth Blaze ""Tar"""	鎧羅炎‧骨鎚
"Taroth Blaze ""Decay"""	鎧羅炎‧屍套
"Taroth Blaze ""King"""	鎧羅炎‧王
"Taroth Blaze ""Erupter"""	鎧羅炎‧熔岩
"Taroth Blaze ""Magma"""	鎧羅炎‧熔山
"Taroth Blaze ""Water"""	鎧羅炎‧水
"Taroth Blaze ""Ice"""	鎧羅炎‧冰
"Taroth Blaze ""Sleep"""	鎧羅炎‧睡眠
"Taroth Blaze ""Thunder"""	鎧羅炎‧雷
"Kjárr Fellsword ""Numb"""	帝王金大劍‧痺賊
"Kjárr Fellsword ""Decay"""	帝王金大劍‧屍套
"Kjárr Fellsword ""King"""	帝王金大劍‧王
"Kjárr Fellsword ""Magma"""	帝王金大劍‧熔山
"Kjárr Fellsword ""Water"""	帝王金大劍‧水
"Kjárr Fellsword ""Ice"""	帝王金大劍‧冰
"Kjárr Fellsword ""Thunder"""	帝王金大劍‧雷
Gold Water Fellsword (MR)	金色的大劍‧水
Gold Ice Fellsword (MR)	金色的大劍‧冰
Gold Sleep Fellsword (MR)	金色的大劍‧睡眠
Glutton Gold Fellsword (MR)	金色的大劍‧賊
Spew Gold Fellsword (MR)	金色的大劍‧毒妖
Mud Gold Fellsword (MR)	金色的大劍‧土砂
Numb Gold Fellsword (MR)	金色的大劍‧痺賊
Tar Gold Fellsword (MR)	金色的大劍‧骨鎚
Decay Gold Fellsword (MR)	金色的大劍‧屍套
King Gold Fellsword (MR)	金色的大劍‧王
Erupter Gold Fellsword (MR)	金色的大劍‧熔岩
Magma Gold Fellsword (MR)	金色的大劍‧熔山
"Taroth Blaze ""Glutton"" (MR)"	鎧羅炎‧賊
"Taroth Blaze ""Spew"" (MR)"	鎧羅炎‧毒妖
"Taroth Blaze ""Mud"" (MR)"	鎧羅炎‧土砂
"Taroth Blaze ""Numb"" (MR)"	鎧羅炎‧痺賊
"Taroth Blaze ""Tar"" (MR)"	鎧羅炎‧骨鎚
"Taroth Blaze ""Decay"" (MR)"	鎧羅炎‧屍套
"Taroth Blaze ""King"" (MR)"	鎧羅炎‧王
"Taroth Blaze ""Erupter"" (MR)"	鎧羅炎‧熔岩
"Taroth Blaze ""Magma"" (MR)"	鎧羅炎‧熔山
"Taroth Blaze ""Water"" (MR)"	鎧羅炎‧水
"Taroth Blaze ""Ice"" (MR)"	鎧羅炎‧冰
"Taroth Blaze ""Sleep"" (MR)"	鎧羅炎‧睡眠
"Taroth Blaze ""Thunder"" (MR)"	鎧羅炎‧雷
"Kjárr Fellsword ""Numb"" (MR)"	帝王金大劍‧痺賊
"Kjárr Fellsword ""Decay"" (MR)"	帝王金大劍‧屍套
"Kjárr Fellsword ""King"" (MR)"	帝王金大劍‧王
"Kjárr Fellsword ""Magma"" (MR)"	帝王金大劍‧熔山
"Kjárr Fellsword ""Water"" (MR)"	帝王金大劍‧水
"Kjárr Fellsword ""Ice"" (MR)"	帝王金大劍‧冰
"Kjárr Fellsword ""Thunder"" (MR)"	帝王金大劍‧雷
Gold Water Katana	金色的太刀‧水
Gold Poison Katana	金色的太刀‧毒
Gold Paralysis Katana	金色的太刀‧麻痺
Thief Gold Katana	金色的太刀‧搔
Mire Gold Katana	金色的太刀‧泥魚
Spark Gold Katana	金色的太刀‧飛雷
Rage Gold Katana	金色的太刀‧蠻顎
Lurk Gold Katana	金色的太刀‧黑甲
Flash Gold Katana	金色的太刀‧眩
Stream Gold Katana	金色的太刀‧風漂
Decay Gold Katana	金色的太刀‧屍套
Gyre Gold Katana	金色的太刀‧爆鎚
Magma Gold Katana	金色的太刀‧熔山
"Taroth Sword ""Thief"""	鎧羅劍‧搔
"Taroth Sword ""Mire"""	鎧羅劍‧泥魚
"Taroth Sword ""Spark"""	鎧羅劍‧飛雷
"Taroth Sword ""Rage"""	鎧羅劍‧蠻顎
"Taroth Sword ""Lurk"""	鎧羅劍‧黑甲
"Taroth Sword ""Flash"""	鎧羅劍‧眩
"Taroth Sword ""Stream"""	鎧羅劍‧風漂
"Taroth Sword ""Decay"""	鎧羅劍‧屍套
"Taroth Sword ""Gyre"""	鎧羅劍‧爆鎚
"Taroth Sword ""Magma"""	鎧羅劍‧熔山
"Taroth Sword ""Water"""	鎧羅劍‧水
"Taroth Sword ""Poison"""	鎧羅劍‧毒
"Taroth Sword ""Paralysis"""	鎧羅劍‧麻痺
"Taroth Sword ""Fire"""	鎧羅劍‧火
"Kjárr Sword ""Spark"""	帝王金太刀‧飛雷
"Kjárr Sword ""Stream"""	帝王金太刀‧風漂
"Kjárr Sword ""Decay"""	帝王金太刀‧屍套
"Kjárr Sword ""Magma"""	帝王金太刀‧熔山
"Kjárr Sword ""Water"""	帝王金太刀‧水
"Kjárr Sword ""Fire"""	帝王金太刀‧火
"Kjárr Sword ""Paralysis"""	帝王金太刀‧麻痺
Gold Water Katana (MR)	金色的太刀‧水
Gold Poison Katana (MR)	金色的太刀‧毒
Gold Paralysis Katana (MR)	金色的太刀‧麻痺
Thief Gold Katana (MR)	金色的太刀‧搔
Mire Gold Katana (MR)	金色的太刀‧泥魚
Spark Gold Katana (MR)	金色的太刀‧飛雷
Rage Gold Katana (MR)	金色的太刀‧蠻顎
Lurk Gold Katana (MR)	金色的太刀‧黑甲
Flash Gold Katana (MR)	金色的太刀‧眩
Stream Gold Katana (MR)	金色的太刀‧風漂
Decay Gold Katana (MR)	金色的太刀‧屍套
Gyre Gold Katana (MR)	金色的太刀‧爆鎚
Magma Gold Katana (MR)	金色的太刀‧熔山
"Taroth Sword ""Thief"" (MR)"	鎧羅劍‧搔
"Taroth Sword ""Mire"" (MR)"	鎧羅劍‧泥魚
"Taroth Sword ""Spark"" (MR)"	鎧羅劍‧飛雷
"Taroth Sword ""Rage"" (MR)"	鎧羅劍‧蠻顎
"Taroth Sword ""Lurk"" (MR)"	鎧羅劍‧黑甲
"Taroth Sword ""Flash"" (MR)"	鎧羅劍‧眩
"Taroth Sword ""Stream"" (MR)"	鎧羅劍‧風漂
"Taroth Sword ""Decay"" (MR)"	鎧羅劍‧屍套
"Taroth Sword ""Gyre"" (MR)"	鎧羅劍‧爆鎚
"Taroth Sword ""Magma"" (MR)"	鎧羅劍‧熔山
"Taroth Sword ""Water"" (MR)"	鎧羅劍‧水
"Taroth Sword ""Poison"" (MR)"	鎧羅劍‧毒
"Taroth Sword ""Paralysis"" (MR)"	鎧羅劍‧麻痺
"Taroth Sword ""Fire"" (MR)"	鎧羅劍‧火
"Kjárr Sword ""Spark"" (MR)"	帝王金太刀‧飛雷
"Kjárr Sword ""Stream"" (MR)"	帝王金太刀‧風漂
"Kjárr Sword ""Decay"" (MR)"	帝王金太刀‧屍套
"Kjárr Sword ""Magma"" (MR)"	帝王金太刀‧熔山
"Kjárr Sword ""Water"" (MR)"	帝王金太刀‧水
"Kjárr Sword ""Fire"" (MR)"	帝王金太刀‧火
"Kjárr Sword ""Paralysis"" (MR)"	帝王金太刀‧麻痺
Gold Water Scimitar	金色的劍‧水
Gold Dragon Scimitar	金色的劍‧龍
Gold Blast Scimitar	金色的劍‧爆破
Glutton Gold Scimitar	金色的劍‧賊
Spew Gold Scimitar	金色的劍‧毒妖
Mud Gold Scimitar	金色的劍‧土砂
Rage Gold Scimitar	金色的劍‧蠻顎
Numb Gold Scimitar	金色的劍‧痺賊
Drifter Gold Scimitar	金色的劍‧浮空
Stream Gold Scimitar	金色的劍‧風漂
Tar Gold Scimitar	金色的劍‧骨鎚
King Gold Scimitar	金色的劍‧王
Myth Gold Scimitar	金色的劍‧幻
"Taroth Slicer ""Glutton"""	鎧羅切刀‧賊
"Taroth Slicer ""Spew"""	鎧羅切刀‧毒妖
"Taroth Slicer ""Mud"""	鎧羅切刀‧土砂
"Taroth Slicer ""Rage"""	鎧羅切刀‧蠻顎
"Taroth Slicer ""Numb"""	鎧羅切刀‧痺賊
"Taroth Slicer ""Drifter"""	鎧羅切刀‧浮空
"Taroth Slicer ""Stream"""	鎧羅切刀‧風漂
"Taroth Slicer ""Tar"""	鎧羅切刀‧骨鎚
"Taroth Slicer ""King"""	鎧羅切刀‧王
"Taroth Slicer ""Myth"""	鎧羅切刀‧幻
"Taroth Slicer ""Water"""	鎧羅切刀‧水
"Taroth Slicer ""Dragon"""	鎧羅切刀‧龍
"Taroth Slicer ""Blast"""	鎧羅切刀‧爆破
"Taroth Slicer ""Fire"""	鎧羅切刀‧火
"Kjárr Slicer ""Numb"""	帝王金劍‧痺賊
"Kjárr Slicer ""Stream"""	帝王金劍‧風漂
"Kjárr Slicer ""King"""	帝王金劍‧王
"Kjárr Slicer ""Myth"""	帝王金劍‧幻
"Kjárr Slicer ""Water"""	帝王金劍‧水
"Kjárr Slicer ""Dragon"""	帝王金劍‧龍
"Kjárr Slicer ""Blast"""	帝王金劍‧爆破
Gold Water Scimitar (MR)	金色的劍‧水
Gold Dragon Scimitar (MR)	金色的劍‧龍
Gold Blast Scimitar (MR)	金色的劍‧爆破
Glutton Gold Scimitar (MR)	金色的劍‧賊
Spew Gold Scimitar (MR)	金色的劍‧毒妖
Mud Gold Scimitar (MR)	金色的劍‧土砂
Rage Gold Scimitar (MR)	金色的劍‧蠻顎
Numb Gold Scimitar (MR)	金色的劍‧痺賊
Drifter Gold Scimitar (MR)	金色的劍‧浮空
Stream Gold Scimitar (MR)	金色的劍‧風漂
Tar Gold Scimitar (MR)	金色的劍‧骨鎚
King Gold Scimitar (MR)	金色的劍‧王
Myth Gold Scimitar (MR)	金色的劍‧幻
"Taroth Slicer ""Glutton"" (MR)"	鎧羅切刀‧賊
"Taroth Slicer ""Spew"" (MR)"	鎧羅切刀‧毒妖
"Taroth Slicer ""Mud"" (MR)"	鎧羅切刀‧土砂
"Taroth Slicer ""Rage"" (MR)"	鎧羅切刀‧蠻顎
"Taroth Slicer ""Numb"" (MR)"	鎧羅切刀‧痺賊
"Taroth Slicer ""Drifter"" (MR)"	鎧羅切刀‧浮空
"Taroth Slicer ""Stream"" (MR)"	鎧羅切刀‧風漂
"Taroth Slicer ""Tar"" (MR)"	鎧羅切刀‧骨鎚
"Taroth Slicer ""King"" (MR)"	鎧羅切刀‧王
"Taroth Slicer ""Myth"" (MR)"	鎧羅切刀‧幻
"Taroth Slicer ""Water"" (MR)"	鎧羅切刀‧水
"Taroth Slicer ""Dragon"" (MR)"	鎧羅切刀‧龍
"Taroth Slicer ""Blast"" (MR)"	鎧羅切刀‧爆破
"Taroth Slicer ""Fire"" (MR)"	鎧羅切刀‧火
"Kjárr Slicer ""Numb"" (MR)"	帝王金劍‧痺賊
"Kjárr Slicer ""Stream"" (MR)"	帝王金劍‧風漂
"Kjárr Slicer ""King"" (MR)"	帝王金劍‧王
"Kjárr Slicer ""Myth"" (MR)"	帝王金劍‧幻
"Kjárr Slicer ""Water"" (MR)"	帝王金劍‧水
"Kjárr Slicer ""Dragon"" (MR)"	帝王金劍‧龍
"Kjárr Slicer ""Blast"" (MR)"	帝王金劍‧爆破
Gold Water Twinblades	金色的雙劍‧水
Gold Ice Twinblades	金色的雙劍‧冰
Gold Poison Twinblades	金色的雙劍‧毒
Thief Gold Twinblades	金色的雙劍‧搔
Mire Gold Twinblades	金色的雙劍‧泥魚
Spark Gold Twinblades	金色的雙劍‧飛雷
Rage Gold Twinblades	金色的雙劍‧蠻顎
Lurk Gold Twinblades	金色的雙劍‧黑甲
Flash Gold Twinblades	金色的雙劍‧眩
Claw Gold Twinblades	金色的雙劍‧慘爪
Horn Gold Twinblades	金色的雙劍‧角
Erupter Gold Twinblades	金色的雙劍‧熔岩
Magma Gold Twinblades	金色的雙劍‧熔山
"Taroth Daggers ""Thief"""	鎧羅小刀‧搔
"Taroth Daggers ""Mire"""	鎧羅小刀‧泥魚
"Taroth Daggers ""Spark"""	鎧羅小刀‧飛雷
"Taroth Daggers ""Rage"""	鎧羅小刀‧蠻顎
"Taroth Daggers ""Lurk"""	鎧羅小刀‧黑甲
"Taroth Daggers ""Flash"""	鎧羅小刀‧眩
"Taroth Daggers ""Claw"""	鎧羅小刀‧慘爪
"Taroth Daggers ""Horn"""	鎧羅小刀‧角
"Taroth Daggers ""Erupter"""	鎧羅小刀‧熔岩
"Taroth Daggers ""Magma"""	鎧羅小刀‧熔山
"Taroth Daggers ""Water"""	鎧羅小刀‧水
"Taroth Daggers ""Ice"""	鎧羅小刀‧冰
"Taroth Daggers ""Poison"""	鎧羅小刀‧毒
"Taroth Daggers ""Fire"""	鎧羅小刀‧火
"Kjárr Daggers ""Spark"""	帝王金雙劍‧飛雷
"Kjárr Daggers ""Rage"""	帝王金雙劍‧蠻顎
"Kjárr Daggers ""Magma"""	帝王金雙劍‧熔山
"Kjárr Daggers ""Lurk"""	帝王金雙劍‧黑甲
"Kjárr Daggers ""Water"""	帝王金雙劍‧水
"Kjárr Daggers ""Ice"""	帝王金雙劍‧冰
"Kjárr Daggers ""Dragon"""	帝王金雙劍‧龍
Gold Water Twinblades (MR)	金色的雙劍‧水
Gold Ice Twinblades (MR)	金色的雙劍‧冰
Gold Poison Twinblades (MR)	金色的雙劍‧毒
Thief Gold Twinblades (MR)	金色的雙劍‧搔
Mire Gold Twinblades (MR)	金色的雙劍‧泥魚
Spark Gold Twinblades (MR)	金色的雙劍‧飛雷
Rage Gold Twinblades (MR)	金色的雙劍‧蠻顎
Lurk Gold Twinblades (MR)	金色的雙劍‧黑甲
Flash Gold Twinblades (MR)	金色的雙劍‧眩
Claw Gold Twinblades (MR)	金色的雙劍‧慘爪
Horn Gold Twinblades (MR)	金色的雙劍‧角
Erupter Gold Twinblades (MR)	金色的雙劍‧熔岩
Magma Gold Twinblades (MR)	金色的雙劍‧熔山
"Taroth Daggers ""Thief"" (MR)"	鎧羅小刀‧搔
"Taroth Daggers ""Mire"" (MR)"	鎧羅小刀‧泥魚
"Taroth Daggers ""Spark"" (MR)"	鎧羅小刀‧飛雷
"Taroth Daggers ""Rage"" (MR)"	鎧羅小刀‧蠻顎
"Taroth Daggers ""Lurk"" (MR)"	鎧羅小刀‧黑甲
"Taroth Daggers ""Flash"" (MR)"	鎧羅小刀‧眩
"Taroth Daggers ""Claw"" (MR)"	鎧羅小刀‧慘爪
"Taroth Daggers ""Horn"" (MR)"	鎧羅小刀‧角
"Taroth Daggers ""Erupter"" (MR)"	鎧羅小刀‧熔岩
"Taroth Daggers ""Magma"" (MR)"	鎧羅小刀‧熔山
"Taroth Daggers ""Water"" (MR)"	鎧羅小刀‧水
"Taroth Daggers ""Ice"" (MR)"	鎧羅小刀‧冰
"Taroth Daggers ""Poison"" (MR)"	鎧羅小刀‧毒
"Taroth Daggers ""Fire"" (MR)"	鎧羅小刀‧火
"Kjárr Daggers ""Spark"" (MR)"	帝王金雙劍‧飛雷
"Kjárr Daggers ""Rage"" (MR)"	帝王金雙劍‧蠻顎
"Kjárr Daggers ""Magma"" (MR)"	帝王金雙劍‧熔山
"Kjárr Daggers ""Lurk"" (MR)"	帝王金雙劍‧黑甲
"Kjárr Daggers ""Water"" (MR)"	帝王金雙劍‧水
"Kjárr Daggers ""Ice"" (MR)"	帝王金雙劍‧冰
"Kjárr Daggers ""Dragon"" (MR)"	帝王金雙劍‧龍
Gold Water Bludgeon	金色的鎚子‧水
Gold Ice Bludgeon	金色的鎚子‧冰
Gold Thunder Bludgeon	金色的鎚子‧雷
Thief Gold Bludgeon	金色的鎚子‧搔
Spew Gold Bludgeon	金色的鎚子‧毒妖
Mud Gold Bludgeon	金色的鎚子‧土砂
Rage Gold Bludgeon	金色的鎚子‧蠻顎
Numb Gold Bludgeon	金色的鎚子‧痺賊
Tar Gold Bludgeon	金色的鎚子‧骨鎚
Decay Gold Bludgeon	金色的鎚子‧屍套
Horn Gold Bludgeon	金色的鎚子‧角
Gyre Gold Bludgeon	金色的鎚子‧爆鎚
"Taroth Hammer ""Thief"""	鎧羅大錘‧搔
"Taroth Hammer ""Spew"""	鎧羅大錘‧毒妖
"Taroth Hammer ""Mud"""	鎧羅大錘‧土砂
"Taroth Hammer ""Rage"""	鎧羅大錘‧蠻顎
"Taroth Hammer ""Numb"""	鎧羅大錘‧痺賊
"Taroth Hammer ""Tar"""	鎧羅大錘‧骨鎚
"Taroth Hammer ""Decay"""	鎧羅大錘‧屍套
"Taroth Hammer ""Horn"""	鎧羅大錘‧角
"Taroth Hammer ""Gyre"""	鎧羅大錘‧爆鎚
"Taroth Hammer ""Water"""	鎧羅大錘‧水
"Taroth Hammer ""Ice"""	鎧羅大錘‧冰
"Taroth Hammer ""Thunder"""	鎧羅大錘‧雷
"Taroth Hammer ""Sleep"""	鎧羅大錘‧睡眠
"Kjárr Hammer ""Numb"""	帝王金鎚‧痺賊
"Kjárr Hammer ""Decay"""	帝王金鎚‧屍套
"Kjárr Hammer ""Gyre"""	帝王金鎚‧爆鎚
"Kjárr Hammer ""Water"""	帝王金鎚‧水
"Kjárr Hammer ""Ice"""	帝王金鎚‧冰
"Kjárr Hammer ""Thunder"""	帝王金鎚‧雷
"Kjárr Hammer ""Blast"""	帝王金鎚‧爆破
Gold Water Bludgeon (MR)	金色的鎚子‧水
Gold Ice Bludgeon (MR)	金色的鎚子‧冰
Gold Thunder Bludgeon (MR)	金色的鎚子‧雷
Thief Gold Bludgeon (MR)	金色的鎚子‧搔
Spew Gold Bludgeon (MR)	金色的鎚子‧毒妖
Mud Gold Bludgeon (MR)	金色的鎚子‧土砂
Rage Gold Bludgeon (MR)	金色的鎚子‧蠻顎
Numb Gold Bludgeon (MR)	金色的鎚子‧痺賊
Tar Gold Bludgeon (MR)	金色的鎚子‧骨鎚
Decay Gold Bludgeon (MR)	金色的鎚子‧屍套
Horn Gold Bludgeon (MR)	金色的鎚子‧角
Gyre Gold Bludgeon (MR)	金色的鎚子‧爆鎚
"Taroth Hammer ""Thief"" (MR)"	鎧羅大錘‧搔
"Taroth Hammer ""Spew"" (MR)"	鎧羅大錘‧毒妖
"Taroth Hammer ""Mud"" (MR)"	鎧羅大錘‧土砂
"Taroth Hammer ""Rage"" (MR)"	鎧羅大錘‧蠻顎
"Taroth Hammer ""Numb"" (MR)"	鎧羅大錘‧痺賊
"Taroth Hammer ""Tar"" (MR)"	鎧羅大錘‧骨鎚
"Taroth Hammer ""Decay"" (MR)"	鎧羅大錘‧屍套
"Taroth Hammer ""Horn"" (MR)"	鎧羅大錘‧角
"Taroth Hammer ""Gyre"" (MR)"	鎧羅大錘‧爆鎚
"Taroth Hammer ""Water"" (MR)"	鎧羅大錘‧水
"Taroth Hammer ""Ice"" (MR)"	鎧羅大錘‧冰
"Taroth Hammer ""Thunder"" (MR)"	鎧羅大錘‧雷
"Taroth Hammer ""Sleep"" (MR)"	鎧羅大錘‧睡眠
"Kjárr Hammer ""Numb"" (MR)"	帝王金鎚‧痺賊
"Kjárr Hammer ""Decay"" (MR)"	帝王金鎚‧屍套
"Kjárr Hammer ""Gyre"" (MR)"	帝王金鎚‧爆鎚
"Kjárr Hammer ""Water"" (MR)"	帝王金鎚‧水
"Kjárr Hammer ""Ice"" (MR)"	帝王金鎚‧冰
"Kjárr Hammer ""Thunder"" (MR)"	帝王金鎚‧雷
"Kjárr Hammer ""Blast"" (MR)"	帝王金鎚‧爆破
Gold Water Flute	金色的龍笛‧水
Gold Dragon Flute	金色的龍笛‧龍
Gold Paralysis Flute	金色的龍笛‧麻痺
Buzzer Gold Flute	金色的龍笛‧飛甲
Thief Gold Flute	金色的龍笛‧搔
Spew Gold Flute	金色的龍笛‧毒妖
Rage Gold Flute	金色的龍笛‧蠻顎
Drifter Gold Flute	金色的龍笛‧浮空
Stream Gold Flute	金色的龍笛‧風漂
Tar Gold Flute	金色的龍笛‧骨鎚
Myth Gold Flute	金色的龍笛‧幻
Crusher Gold Flute	金色的龍笛‧岩賊
"Taroth Pipe ""Buzzer"""	鎧羅風笛‧飛甲
"Taroth Pipe ""Thief"""	鎧羅風笛‧搔
"Taroth Pipe ""Spew"""	鎧羅風笛‧毒妖
"Taroth Pipe ""Rage"""	鎧羅風笛‧蠻顎
"Taroth Pipe ""Drifter"""	鎧羅風笛‧浮空
"Taroth Pipe ""Stream"""	鎧羅風笛‧風漂
"Taroth Pipe ""Tar"""	鎧羅風笛‧骨鎚
"Taroth Pipe ""Myth"""	鎧羅風笛‧幻
"Taroth Pipe ""Crusher"""	鎧羅風笛‧岩賊
"Taroth Pipe ""Water"""	鎧羅風笛‧水
"Taroth Pipe ""Dragon"""	鎧羅風笛‧龍
"Taroth Pipe ""Paralysis"""	鎧羅風笛‧麻痺
"Taroth Pipe ""Sleep"""	鎧羅風笛‧睡眠
"Kjárr Pipe ""Paralysis"""	帝王金龍笛‧麻痺
"Kjárr Pipe ""Rage"""	帝王金龍笛‧蠻顎
"Kjárr Pipe ""Myth"""	帝王金龍笛‧幻
"Kjárr Pipe ""Crusher"""	帝王金龍笛‧岩賊
"Kjárr Pipe ""Stream"""	帝王金龍笛‧風漂
"Kjárr Pipe ""Water"""	帝王金龍笛‧水
"Kjárr Pipe ""Dragon"""	帝王金龍笛‧龍
Gold Water Flute (MR)	金色的龍笛‧水
Gold Dragon Flute (MR)	金色的龍笛‧龍
Gold Paralysis Flute (MR)	金色的龍笛‧麻痺
Buzzer Gold Flute (MR)	金色的龍笛‧飛甲
Thief Gold Flute (MR)	金色的龍笛‧搔
Spew Gold Flute (MR)	金色的龍笛‧毒妖
Rage Gold Flute (MR)	金色的龍笛‧蠻顎
Drifter Gold Flute (MR)	金色的龍笛‧浮空
Stream Gold Flute (MR)	金色的龍笛‧風漂
Tar Gold Flute (MR)	金色的龍笛‧骨鎚
Myth Gold Flute (MR)	金色的龍笛‧幻
Crusher Gold Flute (MR)	金色的龍笛‧岩賊
"Taroth Pipe ""Buzzer"" (MR)"	鎧羅風笛‧飛甲
"Taroth Pipe ""Thief"" (MR)"	鎧羅風笛‧搔
"Taroth Pipe ""Spew"" (MR)"	鎧羅風笛‧毒妖
"Taroth Pipe ""Rage"" (MR)"	鎧羅風笛‧蠻顎
"Taroth Pipe ""Drifter"" (MR)"	鎧羅風笛‧浮空
"Taroth Pipe ""Stream"" (MR)"	鎧羅風笛‧風漂
"Taroth Pipe ""Tar"" (MR)"	鎧羅風笛‧骨鎚
"Taroth Pipe ""Myth"" (MR)"	鎧羅風笛‧幻
"Taroth Pipe ""Crusher"" (MR)"	鎧羅風笛‧岩賊
"Taroth Pipe ""Water"" (MR)"	鎧羅風笛‧水
"Taroth Pipe ""Dragon"" (MR)"	鎧羅風笛‧龍
"Taroth Pipe ""Paralysis"" (MR)"	鎧羅風笛‧麻痺
"Taroth Pipe ""Sleep"" (MR)"	鎧羅風笛‧睡眠
"Kjárr Pipe ""Paralysis"" (MR)"	帝王金龍笛‧麻痺
"Kjárr Pipe ""Rage"" (MR)"	帝王金龍笛‧蠻顎
"Kjárr Pipe ""Myth"" (MR)"	帝王金龍笛‧幻
"Kjárr Pipe ""Crusher"" (MR)"	帝王金龍笛‧岩賊
"Kjárr Pipe ""Stream"" (MR)"	帝王金龍笛‧風漂
"Kjárr Pipe ""Water"" (MR)"	帝王金龍笛‧水
"Kjárr Pipe ""Dragon"" (MR)"	帝王金龍笛‧龍
Gold Water Defender	金色的長槍‧水
Gold Thunder Defender	金色的長槍‧雷
Gold Sleep Defender	金色的長槍‧睡眠
Thief Gold Defender	金色的長槍‧搔
Spew Gold Defender	金色的長槍‧毒妖
Mud Gold Defender	金色的長槍‧土砂
Lurk Gold Defender	金色的長槍‧黑甲
Stream Gold Defender	金色的長槍‧風漂
Claw Gold Defender	金色的長槍‧慘爪
Decay Gold Defender	金色的長槍‧屍套
King Gold Defender	金色的長槍‧王
Crusher Gold Defender	金色的長槍‧岩賊
"Taroth Crest ""Thief"""	鎧羅之尖‧搔
"Taroth Crest ""Spew"""	鎧羅之尖‧毒妖
"Taroth Crest ""Mud"""	鎧羅之尖‧土砂
"Taroth Crest ""Lurk"""	鎧羅之尖‧黑甲
"Taroth Crest ""Stream"""	鎧羅之尖‧風漂
"Taroth Crest ""Claw"""	鎧羅之尖‧慘爪
"Taroth Crest ""Decay"""	鎧羅之尖‧屍套
"Taroth Crest ""King"""	鎧羅之尖‧王
"Taroth Crest ""Crusher"""	鎧羅之尖‧岩賊
"Taroth Crest ""Water"""	鎧羅之尖‧水
"Taroth Crest ""Thunder"""	鎧羅之尖‧雷
"Taroth Crest ""Sleep"""	鎧羅之尖‧睡眠
"Taroth Crest ""Poison"""	鎧羅之尖‧毒
"Kjárr Crest ""Paralysis"""	帝王金槍‧麻痺
"Kjárr Crest ""Stream"""	帝王金槍‧風漂
"Kjárr Crest ""Decay"""	帝王金槍‧屍套
"Kjárr Crest ""King"""	帝王金槍‧王
"Kjárr Crest ""Crusher"""	帝王金槍‧岩賊
"Kjárr Crest ""Water"""	帝王金槍‧水
"Kjárr Crest ""Thunder"""	帝王金槍‧雷
Gold Water Defender (MR)	金色的長槍‧水
Gold Thunder Defender (MR)	金色的長槍‧雷
Gold Sleep Defender (MR)	金色的長槍‧睡眠
Thief Gold Defender (MR)	金色的長槍‧搔
Spew Gold Defender (MR)	金色的長槍‧毒妖
Mud Gold Defender (MR)	金色的長槍‧土砂
Lurk Gold Defender (MR)	金色的長槍‧黑甲
Stream Gold Defender (MR)	金色的長槍‧風漂
Claw Gold Defender (MR)	金色的長槍‧慘爪
Decay Gold Defender (MR)	金色的長槍‧屍套
King Gold Defender (MR)	金色的長槍‧王
Crusher Gold Defender (MR)	金色的長槍‧岩賊
"Taroth Crest ""Thief"" (MR)"	鎧羅之尖‧搔
"Taroth Crest ""Spew"" (MR)"	鎧羅之尖‧毒妖
"Taroth Crest ""Mud"" (MR)"	鎧羅之尖‧土砂
"Taroth Crest ""Lurk"" (MR)"	鎧羅之尖‧黑甲
"Taroth Crest ""Stream"" (MR)"	鎧羅之尖‧風漂
"Taroth Crest ""Claw"" (MR)"	鎧羅之尖‧慘爪
"Taroth Crest ""Decay"" (MR)"	鎧羅之尖‧屍套
"Taroth Crest ""King"" (MR)"	鎧羅之尖‧王
"Taroth Crest ""Crusher"" (MR)"	鎧羅之尖‧岩賊
"Taroth Crest ""Water"" (MR)"	鎧羅之尖‧水
"Taroth Crest ""Thunder"" (MR)"	鎧羅之尖‧雷
"Taroth Crest ""Sleep"" (MR)"	鎧羅之尖‧睡眠
"Taroth Crest ""Poison"" (MR)"	鎧羅之尖‧毒
"Kjárr Crest ""Paralysis"" (MR)"	帝王金槍‧麻痺
"Kjárr Crest ""Stream"" (MR)"	帝王金槍‧風漂
"Kjárr Crest ""Decay"" (MR)"	帝王金槍‧屍套
"Kjárr Crest ""King"" (MR)"	帝王金槍‧王
"Kjárr Crest ""Crusher"" (MR)"	帝王金槍‧岩賊
"Kjárr Crest ""Water"" (MR)"	帝王金槍‧水
"Kjárr Crest ""Thunder"" (MR)"	帝王金槍‧雷
Gold Water Exploder	金色的銃槍‧水
Gold Poison Exploder	金色的銃槍‧毒
Gold Sleep Exploder	金色的銃槍‧睡眠
Glutton Gold Exploder	金色的銃槍‧賊
Mire Gold Exploder	金色的銃槍‧泥魚
Mud Gold Exploder	金色的銃槍‧土砂
Spark Gold Exploder	金色的銃槍‧飛雷
Rage Gold Exploder	金色的銃槍‧蠻顎
Numb Gold Exploder	金色的銃槍‧痺賊
Stream Gold Exploder	金色的銃槍‧風漂
Decay Gold Exploder	金色的銃槍‧屍套
King Gold Exploder	金色的銃槍‧王
Bomber Gold Exploder	金色的銃槍‧爆鱗
"Taroth Buster ""Glutton"""	鎧羅銃槍‧賊
"Taroth Buster ""Mire"""	鎧羅銃槍‧泥魚
"Taroth Buster ""Mud"""	鎧羅銃槍‧土砂
"Taroth Buster ""Spark"""	鎧羅銃槍‧飛雷
"Taroth Buster ""Rage"""	鎧羅銃槍‧蠻顎
"Taroth Buster ""Numb"""	鎧羅銃槍‧痺賊
"Taroth Buster ""Stream"""	鎧羅銃槍‧風漂
"Taroth Buster ""Decay"""	鎧羅銃槍‧屍套
"Taroth Buster ""King"""	鎧羅銃槍‧王
"Taroth Buster ""Bomber"""	鎧羅銃槍‧爆鱗
"Taroth Buster ""Water"""	鎧羅銃槍‧水
"Taroth Buster ""Poison"""	鎧羅銃槍‧毒
"Taroth Buster ""Sleep"""	鎧羅銃槍‧睡眠
"Taroth Buster ""Ice"""	鎧羅銃槍‧冰
"Kjárr Buster ""Stream"""	帝王金銃槍‧風漂
"Kjárr Buster ""Decay"""	帝王金銃槍‧屍套
"Kjárr Buster ""King"""	帝王金銃槍‧王
"Kjárr Buster ""Bomber"""	帝王金銃槍‧爆鱗
"Kjárr Buster ""Spark"""	帝王金銃槍‧飛雷
"Kjárr Buster ""Paralysis"""	帝王金銃槍‧麻痺
"Kjárr Buster ""Water"""	帝王金銃槍‧水
Gold Water Exploder (MR)	金色的銃槍‧水
Gold Poison Exploder (MR)	金色的銃槍‧毒
Gold Sleep Exploder (MR)	金色的銃槍‧睡眠
Glutton Gold Exploder (MR)	金色的銃槍‧賊
Mire Gold Exploder (MR)	金色的銃槍‧泥魚
Mud Gold Exploder (MR)	金色的銃槍‧土砂
Spark Gold Exploder (MR)	金色的銃槍‧飛雷
Rage Gold Exploder (MR)	金色的銃槍‧蠻顎
Numb Gold Exploder (MR)	金色的銃槍‧痺賊
Stream Gold Exploder (MR)	金色的銃槍‧風漂
Decay Gold Exploder (MR)	金色的銃槍‧屍套
King Gold Exploder (MR)	金色的銃槍‧王
Bomber Gold Exploder (MR)	金色的銃槍‧爆鱗
"Taroth Buster ""Glutton"" (MR)"	鎧羅銃槍‧賊
"Taroth Buster ""Mire"" (MR)"	鎧羅銃槍‧泥魚
"Taroth Buster ""Mud"" (MR)"	鎧羅銃槍‧土砂
"Taroth Buster ""Spark"" (MR)"	鎧羅銃槍‧飛雷
"Taroth Buster ""Rage"" (MR)"	鎧羅銃槍‧蠻顎
"Taroth Buster ""Numb"" (MR)"	鎧羅銃槍‧痺賊
"Taroth Buster ""Stream"" (MR)"	鎧羅銃槍‧風漂
"Taroth Buster ""Decay"" (MR)"	鎧羅銃槍‧屍套
"Taroth Buster ""King"" (MR)"	鎧羅銃槍‧王
"Taroth Buster ""Bomber"" (MR)"	鎧羅銃槍‧爆鱗
"Taroth Buster ""Water"" (MR)"	鎧羅銃槍‧水
"Taroth Buster ""Poison"" (MR)"	鎧羅銃槍‧毒
"Taroth Buster ""Sleep"" (MR)"	鎧羅銃槍‧睡眠
"Taroth Buster ""Ice"" (MR)"	鎧羅銃槍‧冰
"Kjárr Buster ""Stream"" (MR)"	帝王金銃槍‧風漂
"Kjárr Buster ""Decay"" (MR)"	帝王金銃槍‧屍套
"Kjárr Buster ""King"" (MR)"	帝王金銃槍‧王
"Kjárr Buster ""Bomber"" (MR)"	帝王金銃槍‧爆鱗
"Kjárr Buster ""Spark"" (MR)"	帝王金銃槍‧飛雷
"Kjárr Buster ""Paralysis"" (MR)"	帝王金銃槍‧麻痺
"Kjárr Buster ""Water"" (MR)"	帝王金銃槍‧水
Gold Thunder Chopper	金色的劍斧‧雷
Gold Paralysis Chopper	金色的劍斧‧麻痺
Gold Sleep Chopper	金色的劍斧‧睡眠
Glutton Gold Chopper	金色的劍斧‧賊
Mire Gold Chopper	金色的劍斧‧泥魚
Mud Gold Chopper	金色的劍斧‧土砂
Drifter Gold Chopper	金色的劍斧‧浮空
Stream Gold Chopper	金色的劍斧‧風漂
Decay Gold Chopper	金色的劍斧‧屍套
King Gold Chopper	金色的劍斧‧王
Horn Gold Chopper	金色的劍斧‧角
Gyre Gold Chopper	金色的劍斧‧爆鎚
Bomber Gold Chopper	金色的劍斧‧爆鱗
"Taroth Axe ""Glutton"""	鎧羅劍斧‧賊
"Taroth Axe ""Mire"""	鎧羅劍斧‧泥魚
"Taroth Axe ""Mud"""	鎧羅劍斧‧土砂
"Taroth Axe ""Drifter"""	鎧羅劍斧‧浮空
"Taroth Axe ""Stream"""	鎧羅劍斧‧風漂
"Taroth Axe ""Decay"""	鎧羅劍斧‧屍套
"Taroth Axe ""King"""	鎧羅劍斧‧王
"Taroth Axe ""Horn"""	鎧羅劍斧‧角
"Taroth Axe ""Gyre"""	鎧羅劍斧‧爆鎚
"Taroth Axe ""Bomber"""	鎧羅劍斧‧爆鱗
"Taroth Axe ""Thunder"""	鎧羅劍斧‧雷
"Taroth Axe ""Paralysis"""	鎧羅劍斧‧麻痺
"Taroth Axe ""Sleep"""	鎧羅劍斧‧睡眠
"Taroth Axe ""Water"""	鎧羅劍斧‧水
"Kjárr Axe ""Stream"""	帝王金劍斧‧風漂
"Kjárr Axe ""Decay"""	帝王金劍斧‧屍套
"Kjárr Axe ""King"""	帝王金劍斧‧王
"Kjárr Axe ""Bomber"""	帝王金劍斧‧爆鱗
"Kjárr Axe ""Thunder"""	帝王金劍斧‧雷
"Kjárr Axe ""Water"""	帝王金劍斧‧水
"Kjárr Axe ""Paralysis"""	帝王金劍斧‧麻痺
Gold Thunder Chopper (MR)	金色的劍斧‧雷
Gold Paralysis Chopper (MR)	金色的劍斧‧麻痺
Gold Sleep Chopper (MR)	金色的劍斧‧睡眠
Glutton Gold Chopper (MR)	金色的劍斧‧賊
Mire Gold Chopper (MR)	金色的劍斧‧泥魚
Mud Gold Chopper (MR)	金色的劍斧‧土砂
Drifter Gold Chopper (MR)	金色的劍斧‧浮空
Stream Gold Chopper (MR)	金色的劍斧‧風漂
Decay Gold Chopper (MR)	金色的劍斧‧屍套
King Gold Chopper (MR)	金色的劍斧‧王
Horn Gold Chopper (MR)	金色的劍斧‧角
Gyre Gold Chopper (MR)	金色的劍斧‧爆鎚
Bomber Gold Chopper (MR)	金色的劍斧‧爆鱗
"Taroth Axe ""Glutton"" (MR)"	鎧羅劍斧‧賊
"Taroth Axe ""Mire"" (MR)"	鎧羅劍斧‧泥魚
"Taroth Axe ""Mud"" (MR)"	鎧羅劍斧‧土砂
"Taroth Axe ""Drifter"" (MR)"	鎧羅劍斧‧浮空
"Taroth Axe ""Stream"" (MR)"	鎧羅劍斧‧風漂
"Taroth Axe ""Decay"" (MR)"	鎧羅劍斧‧屍套
"Taroth Axe ""King"" (MR)"	鎧羅劍斧‧王
"Taroth Axe ""Horn"" (MR)"	鎧羅劍斧‧角
"Taroth Axe ""Gyre"" (MR)"	鎧羅劍斧‧爆鎚
"Taroth Axe ""Bomber"" (MR)"	鎧羅劍斧‧爆鱗
"Taroth Axe ""Thunder"" (MR)"	鎧羅劍斧‧雷
"Taroth Axe ""Paralysis"" (MR)"	鎧羅劍斧‧麻痺
"Taroth Axe ""Sleep"" (MR)"	鎧羅劍斧‧睡眠
"Taroth Axe ""Water"" (MR)"	鎧羅劍斧‧水
"Kjárr Axe ""Stream"" (MR)"	帝王金劍斧‧風漂
"Kjárr Axe ""Decay"" (MR)"	帝王金劍斧‧屍套
"Kjárr Axe ""King"" (MR)"	帝王金劍斧‧王
"Kjárr Axe ""Bomber"" (MR)"	帝王金劍斧‧爆鱗
"Kjárr Axe ""Thunder"" (MR)"	帝王金劍斧‧雷
"Kjárr Axe ""Water"" (MR)"	帝王金劍斧‧水
"Kjárr Axe ""Paralysis"" (MR)"	帝王金劍斧‧麻痺
Gold Ice Cutter	金色的盾斧‧冰
Gold Thunder Cutter	金色的盾斧‧雷
Gold Sleep Cutter	金色的盾斧‧睡眠
Glutton Gold Cutter	金色的盾斧‧賊
Mire Gold Cutter	金色的盾斧‧泥魚
Spark Gold Cutter	金色的盾斧‧飛雷
Numb Gold Cutter	金色的盾斧‧痺賊
Claw Gold Cutter	金色的盾斧‧慘爪
Decay Gold Cutter	金色的盾斧‧屍套
King Gold Cutter	金色的盾斧‧王
Horn Gold Cutter	金色的盾斧‧角
Crusher Gold Cutter	金色的盾斧‧岩賊
"Taroth Strongarm ""Glutton"""	鎧羅兵裝‧賊
"Taroth Strongarm ""Mire"""	鎧羅兵裝‧泥魚
"Taroth Strongarm ""Spark"""	鎧羅兵裝‧飛雷
"Taroth Strongarm ""Numb"""	鎧羅兵裝‧痺賊
"Taroth Strongarm ""Claw"""	鎧羅兵裝‧慘爪
"Taroth Strongarm ""Decay"""	鎧羅兵裝‧屍套
"Taroth Strongarm ""King"""	鎧羅兵裝‧王
"Taroth Strongarm ""Horn"""	鎧羅兵裝‧角
"Taroth Strongarm ""Crusher"""	鎧羅兵裝‧岩賊
"Taroth Strongarm ""Ice"""	鎧羅兵裝‧冰
"Taroth Strongarm ""Thunder"""	鎧羅兵裝‧雷
"Taroth Strongarm ""Sleep"""	鎧羅兵裝‧睡眠
"Taroth Strongarm ""Water"""	鎧羅兵裝‧水
"Kjárr Strongarm ""Spark"""	帝王金盾斧‧飛雷
"Kjárr Strongarm ""Numb"""	帝王金盾斧‧痺賊
"Kjárr Strongarm ""Decay"""	帝王金盾斧‧屍套
"Kjárr Strongarm ""King"""	帝王金盾斧‧王
"Kjárr Strongarm ""Ice"""	帝王金盾斧‧冰
"Kjárr Strongarm ""Crusher"""	帝王金盾斧‧岩賊
"Kjárr Strongarm ""Water"""	帝王金盾斧‧水
Gold Ice Cutter (MR)	金色的盾斧‧冰
Gold Thunder Cutter (MR)	金色的盾斧‧雷
Gold Sleep Cutter (MR)	金色的盾斧‧睡眠
Glutton Gold Cutter (MR)	金色的盾斧‧賊
Mire Gold Cutter (MR)	金色的盾斧‧泥魚
Spark Gold Cutter (MR)	金色的盾斧‧飛雷
Numb Gold Cutter (MR)	金色的盾斧‧痺賊
Claw Gold Cutter (MR)	金色的盾斧‧慘爪
Decay Gold Cutter (MR)	金色的盾斧‧屍套
King Gold Cutter (MR)	金色的盾斧‧王
Horn Gold Cutter (MR)	金色的盾斧‧角
Crusher Gold Cutter (MR)	金色的盾斧‧岩賊
"Taroth Strongarm ""Glutton"" (MR)"	鎧羅兵裝‧賊
"Taroth Strongarm ""Mire"" (MR)"	鎧羅兵裝‧泥魚
"Taroth Strongarm ""Spark"" (MR)"	鎧羅兵裝‧飛雷
"Taroth Strongarm ""Numb"" (MR)"	鎧羅兵裝‧痺賊
"Taroth Strongarm ""Claw"" (MR)"	鎧羅兵裝‧慘爪
"Taroth Strongarm ""Decay"" (MR)"	鎧羅兵裝‧屍套
"Taroth Strongarm ""King"" (MR)"	鎧羅兵裝‧王
"Taroth Strongarm ""Horn"" (MR)"	鎧羅兵裝‧角
"Taroth Strongarm ""Crusher"" (MR)"	鎧羅兵裝‧岩賊
"Taroth Strongarm ""Ice"" (MR)"	鎧羅兵裝‧冰
"Taroth Strongarm ""Thunder"" (MR)"	鎧羅兵裝‧雷
"Taroth Strongarm ""Sleep"" (MR)"	鎧羅兵裝‧睡眠
"Taroth Strongarm ""Water"" (MR)"	鎧羅兵裝‧水
"Kjárr Strongarm ""Spark"" (MR)"	帝王金盾斧‧飛雷
"Kjárr Strongarm ""Numb"" (MR)"	帝王金盾斧‧痺賊
"Kjárr Strongarm ""Decay"" (MR)"	帝王金盾斧‧屍套
"Kjárr Strongarm ""King"" (MR)"	帝王金盾斧‧王
"Kjárr Strongarm ""Ice"" (MR)"	帝王金盾斧‧冰
"Kjárr Strongarm ""Crusher"" (MR)"	帝王金盾斧‧岩賊
"Kjárr Strongarm ""Water"" (MR)"	帝王金盾斧‧水
Gold Water Naginata	金色的長刀‧水
Gold Ice Naginata	金色的長刀‧冰
Gold Paralysis Naginata	金色的長刀‧麻痺
Thief Gold Naginata	金色的長刀‧搔
Spew Gold Naginata	金色的長刀‧毒妖
Spark Gold Naginata	金色的長刀‧飛雷
Flash Gold Naginata	金色的長刀‧眩
Claw Gold Naginata	金色的長刀‧慘爪
Decay Gold Naginata	金色的長刀‧屍套
King Gold Naginata	金色的長刀‧王
Horn Gold Naginata	金色的長刀‧角
Crusher Gold Naginata	金色的長刀‧岩賊
"Taroth Glaive ""Thief"""	鎧羅長刀‧搔
"Taroth Glaive ""Spew"""	鎧羅長刀‧毒妖
"Taroth Glaive ""Spark"""	鎧羅長刀‧飛雷
"Taroth Glaive ""Flash"""	鎧羅長刀‧眩
"Taroth Glaive ""Claw"""	鎧羅長刀‧慘爪
"Taroth Glaive ""Decay"""	鎧羅長刀‧屍套
"Taroth Glaive ""King"""	鎧羅長刀‧王
"Taroth Glaive ""Horn"""	鎧羅長刀‧角
"Taroth Glaive ""Crusher"""	鎧羅長刀‧岩賊
"Taroth Glaive ""Water"""	鎧羅長刀‧水
"Taroth Glaive ""Ice"""	鎧羅長刀‧冰
"Taroth Glaive ""Paralysis"""	鎧羅長刀‧麻痺
"Taroth Glaive ""Sleep"""	鎧羅長刀‧睡眠
"Kjárr Glaive ""Spark"""	帝王金長刀‧飛雷
"Kjárr Glaive ""Decay"""	帝王金長刀‧屍套
"Kjárr Glaive ""King"""	帝王金長刀‧王
"Kjárr Glaive ""Crusher"""	帝王金長刀‧岩賊
"Kjárr Glaive ""Water"""	帝王金長刀‧水
"Kjárr Glaive ""Ice"""	帝王金長刀‧冰
"Kjárr Glaive ""Paralysis"""	帝王金長刀‧麻痺
Gold Water Naginata (MR)	金色的長刀‧水
Gold Ice Naginata (MR)	金色的長刀‧冰
Gold Paralysis Naginata (MR)	金色的長刀‧麻痺
Thief Gold Naginata (MR)	金色的長刀‧搔
Spew Gold Naginata (MR)	金色的長刀‧毒妖
Spark Gold Naginata (MR)	金色的長刀‧飛雷
Flash Gold Naginata (MR)	金色的長刀‧眩
Claw Gold Naginata (MR)	金色的長刀‧慘爪
Decay Gold Naginata (MR)	金色的長刀‧屍套
King Gold Naginata (MR)	金色的長刀‧王
Horn Gold Naginata (MR)	金色的長刀‧角
Crusher Gold Naginata (MR)	金色的長刀‧岩賊
"Taroth Glaive ""Thief"" (MR)"	鎧羅長刀‧搔
"Taroth Glaive ""Spew"" (MR)"	鎧羅長刀‧毒妖
"Taroth Glaive ""Spark"" (MR)"	鎧羅長刀‧飛雷
"Taroth Glaive ""Flash"" (MR)"	鎧羅長刀‧眩
"Taroth Glaive ""Claw"" (MR)"	鎧羅長刀‧慘爪
"Taroth Glaive ""Decay"" (MR)"	鎧羅長刀‧屍套
"Taroth Glaive ""King"" (MR)"	鎧羅長刀‧王
"Taroth Glaive ""Horn"" (MR)"	鎧羅長刀‧角
"Taroth Glaive ""Crusher"" (MR)"	鎧羅長刀‧岩賊
"Taroth Glaive ""Water"" (MR)"	鎧羅長刀‧水
"Taroth Glaive ""Ice"" (MR)"	鎧羅長刀‧冰
"Taroth Glaive ""Paralysis"" (MR)"	鎧羅長刀‧麻痺
"Taroth Glaive ""Sleep"" (MR)"	鎧羅長刀‧睡眠
"Kjárr Glaive ""Spark"" (MR)"	帝王金長刀‧飛雷
"Kjárr Glaive ""Decay"" (MR)"	帝王金長刀‧屍套
"Kjárr Glaive ""King"" (MR)"	帝王金長刀‧王
"Kjárr Glaive ""Crusher"" (MR)"	帝王金長刀‧岩賊
"Kjárr Glaive ""Water"" (MR)"	帝王金長刀‧水
"Kjárr Glaive ""Ice"" (MR)"	帝王金長刀‧冰
"Kjárr Glaive ""Paralysis"" (MR)"	帝王金長刀‧麻痺
Gold Pierce Razer	金色的弩‧狙擊
Gold Spread Razer	金色的弩‧迫擊
Gold Shot Razer	金色的弩‧射擊
Glutton Gold Razer	金色的弩‧賊
Mire Gold Razer	金色的弩‧泥魚
Mud Gold Razer	金色的弩‧土砂
Rage Gold Razer	金色的弩‧蠻顎
Drifter Gold Razer	金色的弩‧浮空
Claw Gold Razer	金色的弩‧慘爪
Decay Gold Razer	金色的弩‧屍套
King Gold Razer	金色的弩‧王
Erupter Gold Razer	金色的弩‧熔岩
Bomber Gold Razer	金色的弩‧爆鱗
"Taroth Blitz ""Glutton"""	鎧羅迅擊弩‧賊
"Taroth Blitz ""Mire"""	鎧羅迅擊弩‧泥魚
"Taroth Blitz ""Mud"""	鎧羅迅擊弩‧土砂
"Taroth Blitz ""Rage"""	鎧羅迅擊弩‧蠻顎
"Taroth Blitz ""Drifter"""	鎧羅迅擊弩‧浮空
"Taroth Blitz ""Claw"""	鎧羅迅擊弩‧慘爪
"Taroth Blitz ""Decay"""	鎧羅迅擊弩‧屍套
"Taroth Blitz ""King"""	鎧羅迅擊弩‧王
"Taroth Blitz ""Erupter"""	鎧羅迅擊弩‧熔岩
"Taroth Blitz ""Bomber"""	鎧羅迅擊弩‧爆鱗
"Taroth Blitz ""Pierce"""	鎧羅迅擊弩‧狙擊
"Taroth Blitz ""Spread"""	鎧羅迅擊弩‧迫擊
"Taroth Blitz ""Shot"""	鎧羅迅擊弩‧射擊
"Taroth Blitz ""Support"""	鎧羅迅擊弩‧援擊
"Kjárr Blitz ""Bomber"""	帝王金弩‧爆鱗
"Kjárr Blitz ""Claw"""	帝王金弩‧慘爪
"Kjárr Blitz ""Decay"""	帝王金弩‧屍套
"Kjárr Blitz ""King"""	帝王金弩‧王
"Kjárr Blitz ""Thunder"""	帝王金弩‧雷
"Kjárr Blitz ""Ice"""	帝王金弩‧冰
Gold Pierce Razer (MR)	金色的弩‧狙擊
Gold Spread Razer (MR)	金色的弩‧迫擊
Gold Shot Razer (MR)	金色的弩‧射擊
Glutton Gold Razer (MR)	金色的弩‧賊
Mire Gold Razer (MR)	金色的弩‧泥魚
Mud Gold Razer (MR)	金色的弩‧土砂
Rage Gold Razer (MR)	金色的弩‧蠻顎
Drifter Gold Razer (MR)	金色的弩‧浮空
Claw Gold Razer (MR)	金色的弩‧慘爪
Decay Gold Razer (MR)	金色的弩‧屍套
King Gold Razer (MR)	金色的弩‧王
Erupter Gold Razer (MR)	金色的弩‧熔岩
Bomber Gold Razer (MR)	金色的弩‧爆鱗
"Taroth Blitz ""Glutton"" (MR)"	鎧羅迅擊弩‧賊
"Taroth Blitz ""Mire"" (MR)"	鎧羅迅擊弩‧泥魚
"Taroth Blitz ""Mud"" (MR)"	鎧羅迅擊弩‧土砂
"Taroth Blitz ""Rage"" (MR)"	鎧羅迅擊弩‧蠻顎
"Taroth Blitz ""Drifter"" (MR)"	鎧羅迅擊弩‧浮空
"Taroth Blitz ""Claw"" (MR)"	鎧羅迅擊弩‧慘爪
"Taroth Blitz ""Decay"" (MR)"	鎧羅迅擊弩‧屍套
"Taroth Blitz ""King"" (MR)"	鎧羅迅擊弩‧王
"Taroth Blitz ""Erupter"" (MR)"	鎧羅迅擊弩‧熔岩
"Taroth Blitz ""Bomber"" (MR)"	鎧羅迅擊弩‧爆鱗
"Taroth Blitz ""Pierce"" (MR)"	鎧羅迅擊弩‧狙擊
"Taroth Blitz ""Spread"" (MR)"	鎧羅迅擊弩‧迫擊
"Taroth Blitz ""Shot"" (MR)"	鎧羅迅擊弩‧射擊
"Taroth Blitz ""Support"" (MR)"	鎧羅迅擊弩‧援擊
"Kjárr Blitz ""Bomber"" (MR)"	帝王金弩‧爆鱗
"Kjárr Blitz ""Claw"" (MR)"	帝王金弩‧慘爪
"Kjárr Blitz ""Decay"" (MR)"	帝王金弩‧屍套
"Kjárr Blitz ""King"" (MR)"	帝王金弩‧王
"Kjárr Blitz ""Thunder"" (MR)"	帝王金弩‧雷
"Kjárr Blitz ""Ice"" (MR)"	帝王金弩‧冰
Gold Support Cannon	金色的砲筒‧援擊
Gold Blast Cannon	金色的砲筒‧爆擊
Gold Icewater Cannon	金色的砲筒‧冷擊
Glutton Gold Cannon	金色的砲筒‧賊
Spew Gold Cannon	金色的砲筒‧毒妖
Spark Gold Cannon	金色的砲筒‧飛雷
Rage Gold Cannon	金色的砲筒‧蠻顎
Flash Gold Cannon	金色的砲筒‧眩
Tar Gold Cannon	金色的砲筒‧骨鎚
Horn Gold Cannon	金色的砲筒‧角
Crusher Gold Cannon	金色的砲筒‧岩賊
Magma Gold Cannon	金色的砲筒‧熔山
"Taroth Assault ""Glutton"""	鎧羅突擊弩‧賊
"Taroth Assault ""Spew"""	鎧羅突擊弩‧毒妖
"Taroth Assault ""Spark"""	鎧羅突擊弩‧飛雷
"Taroth Assault ""Rage"""	鎧羅突擊弩‧蠻顎
"Taroth Assault ""Flash"""	鎧羅突擊弩‧眩
"Taroth Assault ""Tar"""	鎧羅突擊弩‧骨鎚
"Taroth Assault ""Horn"""	鎧羅突擊弩‧角
"Taroth Assault ""Crusher"""	鎧羅突擊弩‧岩賊
"Taroth Assault ""Magma"""	鎧羅突擊弩‧熔山
"Taroth Assault ""Support"""	鎧羅突擊弩‧援擊
"Taroth Assault ""Blast"""	鎧羅突擊弩‧爆擊
"Taroth Assault ""Icewater"""	鎧羅突擊弩‧冷擊
"Taroth Assault ""Pierce"""	鎧羅突擊弩‧狙擊
"Kjárr Assault ""Rage"""	帝王金砲筒‧蠻顎
"Kjárr Assault ""Horn"""	帝王金砲筒‧角
"Kjárr Assault ""Spark"""	帝王金砲筒‧飛雷
"Kjárr Assault ""Magma"""	帝王金砲筒‧榕山
"Kjárr Assault ""Water"""	帝王金砲筒‧水
"Kjárr Assault ""Ice"""	帝王金砲筒‧冰
Gold Support Cannon (MR)	金色的砲筒‧援擊
Gold Blast Cannon (MR)	金色的砲筒‧爆擊
Gold Icewater Cannon (MR)	金色的砲筒‧冷擊
Glutton Gold Cannon (MR)	金色的砲筒‧賊
Spew Gold Cannon (MR)	金色的砲筒‧毒妖
Spark Gold Cannon (MR)	金色的砲筒‧飛雷
Rage Gold Cannon (MR)	金色的砲筒‧蠻顎
Flash Gold Cannon (MR)	金色的砲筒‧眩
Tar Gold Cannon (MR)	金色的砲筒‧骨鎚
Horn Gold Cannon (MR)	金色的砲筒‧角
Crusher Gold Cannon (MR)	金色的砲筒‧岩賊
Magma Gold Cannon (MR)	金色的砲筒‧熔山
"Taroth Assault ""Glutton"" (MR)"	鎧羅突擊弩‧賊
"Taroth Assault ""Spew"" (MR)"	鎧羅突擊弩‧毒妖
"Taroth Assault ""Spark"" (MR)"	鎧羅突擊弩‧飛雷
"Taroth Assault ""Rage"" (MR)"	鎧羅突擊弩‧蠻顎
"Taroth Assault ""Flash"" (MR)"	鎧羅突擊弩‧眩
"Taroth Assault ""Tar"" (MR)"	鎧羅突擊弩‧骨鎚
"Taroth Assault ""Horn"" (MR)"	鎧羅突擊弩‧角
"Taroth Assault ""Crusher"" (MR)"	鎧羅突擊弩‧岩賊
"Taroth Assault ""Magma"" (MR)"	鎧羅突擊弩‧熔山
"Taroth Assault ""Support"" (MR)"	鎧羅突擊弩‧援擊
"Taroth Assault ""Blast"" (MR)"	鎧羅突擊弩‧爆擊
"Taroth Assault ""Icewater"" (MR)"	鎧羅突擊弩‧冷擊
"Taroth Assault ""Pierce"" (MR)"	鎧羅突擊弩‧狙擊
"Kjárr Assault ""Rage"" (MR)"	帝王金砲筒‧蠻顎
"Kjárr Assault ""Horn"" (MR)"	帝王金砲筒‧角
"Kjárr Assault ""Spark"" (MR)"	帝王金砲筒‧飛雷
"Kjárr Assault ""Magma"" (MR)"	帝王金砲筒‧榕山
"Kjárr Assault ""Water"" (MR)"	帝王金砲筒‧水
"Kjárr Assault ""Ice"" (MR)"	帝王金砲筒‧冰
Gold Water Piercer	金色的弓‧水
Gold Thunder Piercer	金色的弓‧雷
Gold Blast Piercer	金色的弓‧爆破
Thief Gold Piercer	金色的弓‧搔
Spew Gold Piercer	金色的弓‧毒妖
Spark Gold Piercer	金色的弓‧飛雷
Rage Gold Piercer	金色的弓‧蠻顎
Queen Gold Piercer	金色的弓‧女王
Stream Gold Piercer	金色的弓‧風漂
Decay Gold Piercer	金色的弓‧屍套
King Gold Piercer	金色的弓‧王
Horn Gold Piercer	金色的弓‧角
"Taroth Arrow ""Thief"""	鎧羅弓‧搔
"Taroth Arrow ""Spew"""	鎧羅弓‧毒妖
"Taroth Arrow ""Spark"""	鎧羅弓‧飛雷
"Taroth Arrow ""Rage"""	鎧羅弓‧蠻顎
"Taroth Arrow ""Queen"""	鎧羅弓‧女王
"Taroth Arrow ""Stream"""	鎧羅弓‧風漂
"Taroth Arrow ""Decay"""	鎧羅弓‧屍套
"Taroth Arrow ""King"""	鎧羅弓‧王
"Taroth Arrow ""Horn"""	鎧羅弓‧角
"Taroth Arrow ""Water"""	鎧羅弓‧水
"Taroth Arrow ""Thunder"""	鎧羅弓‧雷
"Taroth Arrow ""Blast"""	鎧羅弓‧爆破
"Taroth Arrow ""Fire"""	鎧羅弓‧火
"Kjárr Bow ""Spark"""	帝王金弓‧飛雷
"Kjárr Bow ""Stream"""	帝王金弓‧風漂
"Kjárr Bow ""King"""	帝王金弓‧王
"Kjárr Bow ""Decay"""	帝王金弓‧屍套
"Kjárr Bow ""Water"""	帝王金弓‧水
"Kjárr Bow ""Blast"""	帝王金弓‧爆破
Gold Water Piercer (MR)	金色的弓‧水
Gold Thunder Piercer (MR)	金色的弓‧雷
Gold Blast Piercer (MR)	金色的弓‧爆破
Thief Gold Piercer (MR)	金色的弓‧搔
Spew Gold Piercer (MR)	金色的弓‧毒妖
Spark Gold Piercer (MR)	金色的弓‧飛雷
Rage Gold Piercer (MR)	金色的弓‧蠻顎
Queen Gold Piercer (MR)	金色的弓‧女王
Stream Gold Piercer (MR)	金色的弓‧風漂
Decay Gold Piercer (MR)	金色的弓‧屍套
King Gold Piercer (MR)	金色的弓‧王
Horn Gold Piercer (MR)	金色的弓‧角
"Taroth Arrow ""Thief"" (MR)"	鎧羅弓‧搔
"Taroth Arrow ""Spew"" (MR)"	鎧羅弓‧毒妖
"Taroth Arrow ""Spark"" (MR)"	鎧羅弓‧飛雷
"Taroth Arrow ""Rage"" (MR)"	鎧羅弓‧蠻顎
"Taroth Arrow ""Queen"" (MR)"	鎧羅弓‧女王
"Taroth Arrow ""Stream"" (MR)"	鎧羅弓‧風漂
"Taroth Arrow ""Decay"" (MR)"	鎧羅弓‧屍套
"Taroth Arrow ""King"" (MR)"	鎧羅弓‧王
"Taroth Arrow ""Horn"" (MR)"	鎧羅弓‧角
"Taroth Arrow ""Water"" (MR)"	鎧羅弓‧水
"Taroth Arrow ""Thunder"" (MR)"	鎧羅弓‧雷
"Taroth Arrow ""Blast"" (MR)"	鎧羅弓‧爆破
"Taroth Arrow ""Fire"" (MR)"	鎧羅弓‧火
"Kjárr Bow ""Spark"" (MR)"	帝王金弓‧飛雷
"Kjárr Bow ""Stream"" (MR)"	帝王金弓‧風漂
"Kjárr Bow ""King"" (MR)"	帝王金弓‧王
"Kjárr Bow ""Decay"" (MR)"	帝王金弓‧屍套
"Kjárr Bow ""Water"" (MR)"	帝王金弓‧水
"Kjárr Bow ""Blast"" (MR)"	帝王金弓‧爆破
Safi's Hellsplitter	赤龍斷絕劍‧火
Safi's Aquasplitter	赤龍斷絕劍‧水
Safi's Boltsplitter	赤龍斷絕劍‧雷
Safi's Frostsplitter	赤龍斷絕劍‧冰
Safi's Draksplitter	赤龍斷絕劍‧龍
Safi's Bindsplitter	赤龍斷絕劍‧麻痺
Safi's Dreamsplitter	赤龍斷絕劍‧睡眠
Safi's Shattersplitter	赤龍斷絕劍‧爆破
Safi's Venomsplitter	赤龍斷絕劍‧毒
Safi's Hellblade	赤龍閃光刃‧火
Safi's Aquablade	赤龍閃光刃‧水
Safi's Boltblade	赤龍閃光刃‧雷
Safi's Frostblade	赤龍閃光刃‧冰
Safi's Drakblade	赤龍閃光刃‧龍
Safi's Bindblade	赤龍閃光刃‧麻痺
Safi's Dreamblade	赤龍閃光刃‧睡眠
Safi's Shatterblade	赤龍閃光刃‧爆破
Safi's Venomblade	赤龍閃光刃‧毒
Safi's Hellfang	赤龍撕裂牙‧火
Safi's Aquafang	赤龍撕裂牙‧水
Safi's Boltfang	赤龍撕裂牙‧雷
Safi's Frostfang	赤龍撕裂牙‧冰
Safi's Drakfang	赤龍撕裂牙‧龍
Safi's Bindfang	赤龍撕裂牙‧麻痺
Safi's Dreamfang	赤龍撕裂牙‧睡眠
Safi's Shatterfang	赤龍撕裂牙‧爆破
Safi's Venomfang	赤龍撕裂牙‧毒
Safi's Hellclaws	赤龍舞爪‧火
Safi's Aquaclaws	赤龍舞爪‧水
Safi's Boltclaws	赤龍舞爪‧雷
Safi's Frostclaws	赤龍舞爪‧冰
Safi's Drakclaws	赤龍舞爪‧龍
Safi's Bindclaws	赤龍舞爪‧麻痺
Safi's Dreamclaws	赤龍舞爪‧睡眠
Safi's Shatterclaws	赤龍舞爪‧爆破
Safi's Venomclaws	赤龍舞爪‧毒
Safi's Hellcrusher	赤龍攫獲鎚‧火
Safi's Aquacrusher	赤龍攫獲鎚‧水
Safi's Boltcrusher	赤龍攫獲鎚‧雷
Safi's Frostcrusher	赤龍攫獲鎚‧冰
Safi's Drakcrusher	赤龍攫獲鎚‧龍
Safi's Bindcrusher	赤龍攫獲鎚‧麻痺
Safi's Dreamcrusher	赤龍攫獲鎚‧睡眠
Safi's Shattercrusher	赤龍攫獲鎚‧爆破
Safi's Venomcrusher	赤龍攫獲鎚‧毒
Safi's Hellhorn	赤龍咒笛‧火
Safi's Aquahorn	赤龍咒笛‧水
Safi's Bolthorn	赤龍咒笛‧雷
Safi's Frosthorn	赤龍咒笛‧冰
Safi's Drakhorn	赤龍咒笛‧龍
Safi's Bindhorn	赤龍咒笛‧麻痺
Safi's Dreamhorn	赤龍咒笛‧睡眠
Safi's Shatterhorn	赤龍咒笛‧爆破
Safi's Venomhorn	赤龍咒笛‧毒
Safi's Hellsnout	赤龍貫穿角‧火
Safi's Aquasnout	赤龍貫穿角‧水
Safi's Boltsnout	赤龍貫穿角‧雷
Safi's Frostsnout	赤龍貫穿角‧冰
Safi's Draksnout	赤龍貫穿角‧龍
Safi's Bindsnout	赤龍貫穿角‧麻痺
Safi's Dreamsnout	赤龍貫穿角‧睡眠
Safi's Shattersnout	赤龍貫穿角‧爆破
Safi's Venomsnout	赤龍貫穿角‧毒
Safi's Hellbuster	赤龍擊破槍‧火
Safi's Aquabuster	赤龍擊破槍‧水
Safi's Boltbuster	赤龍擊破槍‧雷
Safi's Frostbuster	赤龍擊破槍‧冰
Safi's Drakbuster	赤龍擊破槍‧龍
Safi's Bindbuster	赤龍擊破槍‧麻痺
Safi's Dreambuster	赤龍擊破槍‧睡眠
Safi's Shatterbuster	赤龍擊破槍‧爆破
Safi's Venombuster	赤龍擊破槍‧毒
Safi's Hellaxe	赤龍討伐劍斧‧火
Safi's Aquaaxe	赤龍討伐劍斧‧水
Safi's Boltaxe	赤龍討伐劍斧‧雷
Safi's Frostaxe	赤龍討伐劍斧‧冰
Safi's Drakaxe	赤龍討伐劍斧‧龍
Safi's Bindaxe	赤龍討伐劍斧‧麻痺
Safi's Dreamaxe	赤龍討伐劍斧‧睡眠
Safi's Shatteraxe	赤龍討伐劍斧‧爆破
Safi's Venomaxe	赤龍討伐劍斧‧毒
Safi's Hellshield	赤龍守護盾斧‧火
Safi's Aquashield	赤龍守護盾斧‧水
Safi's Boltshield	赤龍守護盾斧‧雷
Safi's Frostshield	赤龍守護盾斧‧冰
Safi's Drakshield	赤龍守護盾斧‧龍
Safi's Bindshield	赤龍守護盾斧‧麻痺
Safi's Dreamshield	赤龍守護盾斧‧睡眠
Safi's Shattershield	赤龍守護盾斧‧爆破
Safi's Venomshield	赤龍守護盾斧‧毒
Safi's Hellspear	赤龍降伏錨‧火
Safi's Aquaspear	赤龍降伏錨‧水
Safi's Boltspear	赤龍降伏錨‧雷
Safi's Frostspear	赤龍降伏錨‧冰
Safi's Drakspear	赤龍降伏錨‧龍
Safi's Bindspear	赤龍降伏錨‧麻痺
Safi's Dreamspear	赤龍降伏錨‧睡眠
Safi's Shatterspear	赤龍降伏錨‧爆破
Safi's Venomspear	赤龍降伏錨‧毒
Safi's Hellshot	赤龍狙擊弩‧火
Safi's Aquashot	赤龍狙擊弩‧水
Safi's Boltshot	赤龍狙擊弩‧雷
Safi's Frostshot	赤龍狙擊弩‧冰
Safi's Drakshot	赤龍狙擊弩‧龍
Safi's Snipecannon	赤龍打擊砲‧狙擊
Safi's Scorchcannon	赤龍打擊砲‧熱擊
Safi's Burstcannon	赤龍打擊砲‧迫擊
Safi's Rapidcannon	赤龍打擊砲‧射擊
Safi's Freezecannon	赤龍打擊砲‧冷擊
Safi's Hellbow	赤龍穿心箭‧火
Safi's Aquabow	赤龍穿心箭‧水
Safi's Boltbow	赤龍穿心箭‧雷
Safi's Frostbow	赤龍穿心箭‧冰
Safi's Drakbow	赤龍穿心箭‧龍
Safi's Shatterbow	赤龍穿心箭‧爆破
